<?xml version='1.0'?>
  <!--Warning : Don't edit this file -->
  <instance class="PJM">
    <rowset name="PjmDefn" size="2832" count="1">
      <row>
        <szLastUpdDttm>2015-05-26-14.36.50.588328</szLastUpdDttm>
        <szLastUpdOprId>ayoub.mokhtari</szLastUpdOprId>
        <szObjectOwnerID></szObjectOwnerID>
        <nUseCount>1</nUseCount>
        <bUseUpdate>1</bUseUpdate>
        <lVersion>1</lVersion>
        <lSwapVersion>0</lSwapVersion>
        <nSwapNum>0</nSwapNum>
        <szProjectName>SG_LOT1023</szProjectName>
        <szLanguageCd>ENG</szLanguageCd>
        <szProjectDescr></szProjectDescr>
        <szSrcDBName>COEPRF01</szSrcDBName>
        <szSrcOprId>adil.louski</szSrcOprId>
        <szSessionId>5b03f1df-c122-11e6-b327-86c172a473ba</szSessionId>
        <szRunDtTm>2016-12-13-11.53.18.324598</szRunDtTm>
        <szTgtServerName></szTgtServerName>
        <szTgtDBName>COEPRD00</szTgtDBName>
        <szTgtOprId>ayoub.mokhtari</szTgtOprId>
        <fReportFilter>16775167</fReportFilter>
        <eTargetOrientation>0</eTargetOrientation>
        <eCompareType>1</eCompareType>
        <fKeepTgt>31</fKeepTgt>
        <nCommitLimit>50</nCommitLimit>
        <szCompRelease>Financials/SCM 8.90.00.000</szCompRelease>
        <szCompRelDttm></szCompRelDttm>
        <bMaintenanceProject>0</bMaintenanceProject>
        <bUseDbFieldNameAttrib>0</bUseDbFieldNameAttrib>
        <szReleaseLabel></szReleaseLabel>
        <szReleaseDttm></szReleaseDttm>
        <nDescrLongLen>0</nDescrLongLen>
        <hDescrLong>HANDLE</hDescrLong>
        <nProjectCount>3</nProjectCount>
        <lpPit> POINTER
          <rowset name="PjmPit" size="2568" count="3">
            <row>
              <eObjectType>30</eObjectType>
              <szObjectValue_0>PVT_LDG_AGG_EXTRC3_SG</szObjectValue_0>
              <szObjectValue_1>0</szObjectValue_1>
              <szObjectValue_2></szObjectValue_2>
              <szObjectValue_3></szObjectValue_3>
              <eObjectID_0>65</eObjectID_0>
              <eObjectID_1>81</eObjectID_1>
              <eObjectID_2>0</eObjectID_2>
              <eObjectID_3>0</eObjectID_3>
              <bExecute>0</bExecute>
              <eSourceStatus>4</eSourceStatus>
              <eTargetStatus>4</eTargetStatus>
              <eUpgradeAction>0</eUpgradeAction>
              <bTakeAction>1</bTakeAction>
              <bCopyDone>0</bCopyDone>
              <eRowStatus>3</eRowStatus>
            </row>
            <row>
              <eObjectType>30</eObjectType>
              <szObjectValue_0>PVT_LDG_AGG_EXTRC_PCI_SG</szObjectValue_0>
              <szObjectValue_1>0</szObjectValue_1>
              <szObjectValue_2></szObjectValue_2>
              <szObjectValue_3></szObjectValue_3>
              <eObjectID_0>65</eObjectID_0>
              <eObjectID_1>81</eObjectID_1>
              <eObjectID_2>0</eObjectID_2>
              <eObjectID_3>0</eObjectID_3>
              <bExecute>0</bExecute>
              <eSourceStatus>4</eSourceStatus>
              <eTargetStatus>4</eTargetStatus>
              <eUpgradeAction>0</eUpgradeAction>
              <bTakeAction>1</bTakeAction>
              <bCopyDone>0</bCopyDone>
              <eRowStatus>3</eRowStatus>
            </row>
            <row>
              <eObjectType>33</eObjectType>
              <szObjectValue_0>AE065_SG</szObjectValue_0>
              <szObjectValue_1></szObjectValue_1>
              <szObjectValue_2></szObjectValue_2>
              <szObjectValue_3></szObjectValue_3>
              <eObjectID_0>66</eObjectID_0>
              <eObjectID_1>0</eObjectID_1>
              <eObjectID_2>0</eObjectID_2>
              <eObjectID_3>0</eObjectID_3>
              <bExecute>0</bExecute>
              <eSourceStatus>4</eSourceStatus>
              <eTargetStatus>4</eTargetStatus>
              <eUpgradeAction>0</eUpgradeAction>
              <bTakeAction>1</bTakeAction>
              <bCopyDone>0</bCopyDone>
              <eRowStatus>3</eRowStatus>
            </row>
          </rowset>
        </lpPit>
        <nAdsBindingCount>0</nAdsBindingCount>
        <pPrjAdsBinding>POINTER</pPrjAdsBinding>
        <bCopyAllSec>1</bCopyAllSec>
        <bCompAllSec>1</bCompAllSec>
        <nSecCount>70</nSecCount>
        <lpSec> POINTER
          <rowset name="PjmSec" size="1400" count="70">
            <row>
              <eProcessType>0</eProcessType>
              <szSectionName>COMMON</szSectionName>
            </row>
            <row>
              <eProcessType>0</eProcessType>
              <szSectionName>ARA</szSectionName>
            </row>
            <row>
              <eProcessType>0</eProcessType>
              <szSectionName>BUL</szSectionName>
            </row>
            <row>
              <eProcessType>0</eProcessType>
              <szSectionName>CFR</szSectionName>
            </row>
            <row>
              <eProcessType>0</eProcessType>
              <szSectionName>CRO</szSectionName>
            </row>
            <row>
              <eProcessType>0</eProcessType>
              <szSectionName>CZE</szSectionName>
            </row>
            <row>
              <eProcessType>0</eProcessType>
              <szSectionName>DAN</szSectionName>
            </row>
            <row>
              <eProcessType>0</eProcessType>
              <szSectionName>DUT</szSectionName>
            </row>
            <row>
              <eProcessType>0</eProcessType>
              <szSectionName>ENG</szSectionName>
            </row>
            <row>
              <eProcessType>0</eProcessType>
              <szSectionName>ESP</szSectionName>
            </row>
            <row>
              <eProcessType>0</eProcessType>
              <szSectionName>FIN</szSectionName>
            </row>
            <row>
              <eProcessType>0</eProcessType>
              <szSectionName>FRA</szSectionName>
            </row>
            <row>
              <eProcessType>0</eProcessType>
              <szSectionName>GER</szSectionName>
            </row>
            <row>
              <eProcessType>0</eProcessType>
              <szSectionName>GRK</szSectionName>
            </row>
            <row>
              <eProcessType>0</eProcessType>
              <szSectionName>HEB</szSectionName>
            </row>
            <row>
              <eProcessType>0</eProcessType>
              <szSectionName>HUN</szSectionName>
            </row>
            <row>
              <eProcessType>0</eProcessType>
              <szSectionName>ITA</szSectionName>
            </row>
            <row>
              <eProcessType>0</eProcessType>
              <szSectionName>JPN</szSectionName>
            </row>
            <row>
              <eProcessType>0</eProcessType>
              <szSectionName>KOR</szSectionName>
            </row>
            <row>
              <eProcessType>0</eProcessType>
              <szSectionName>MAY</szSectionName>
            </row>
            <row>
              <eProcessType>0</eProcessType>
              <szSectionName>NOR</szSectionName>
            </row>
            <row>
              <eProcessType>0</eProcessType>
              <szSectionName>POL</szSectionName>
            </row>
            <row>
              <eProcessType>0</eProcessType>
              <szSectionName>POR</szSectionName>
            </row>
            <row>
              <eProcessType>0</eProcessType>
              <szSectionName>ROM</szSectionName>
            </row>
            <row>
              <eProcessType>0</eProcessType>
              <szSectionName>RUS</szSectionName>
            </row>
            <row>
              <eProcessType>0</eProcessType>
              <szSectionName>SER</szSectionName>
            </row>
            <row>
              <eProcessType>0</eProcessType>
              <szSectionName>SLK</szSectionName>
            </row>
            <row>
              <eProcessType>0</eProcessType>
              <szSectionName>SLV</szSectionName>
            </row>
            <row>
              <eProcessType>0</eProcessType>
              <szSectionName>SVE</szSectionName>
            </row>
            <row>
              <eProcessType>0</eProcessType>
              <szSectionName>THA</szSectionName>
            </row>
            <row>
              <eProcessType>0</eProcessType>
              <szSectionName>TUR</szSectionName>
            </row>
            <row>
              <eProcessType>0</eProcessType>
              <szSectionName>UKE</szSectionName>
            </row>
            <row>
              <eProcessType>0</eProcessType>
              <szSectionName>VIE</szSectionName>
            </row>
            <row>
              <eProcessType>0</eProcessType>
              <szSectionName>ZHS</szSectionName>
            </row>
            <row>
              <eProcessType>0</eProcessType>
              <szSectionName>ZHT</szSectionName>
            </row>
            <row>
              <eProcessType>2</eProcessType>
              <szSectionName>COMMON</szSectionName>
            </row>
            <row>
              <eProcessType>2</eProcessType>
              <szSectionName>ARA</szSectionName>
            </row>
            <row>
              <eProcessType>2</eProcessType>
              <szSectionName>BUL</szSectionName>
            </row>
            <row>
              <eProcessType>2</eProcessType>
              <szSectionName>CFR</szSectionName>
            </row>
            <row>
              <eProcessType>2</eProcessType>
              <szSectionName>CRO</szSectionName>
            </row>
            <row>
              <eProcessType>2</eProcessType>
              <szSectionName>CZE</szSectionName>
            </row>
            <row>
              <eProcessType>2</eProcessType>
              <szSectionName>DAN</szSectionName>
            </row>
            <row>
              <eProcessType>2</eProcessType>
              <szSectionName>DUT</szSectionName>
            </row>
            <row>
              <eProcessType>2</eProcessType>
              <szSectionName>ENG</szSectionName>
            </row>
            <row>
              <eProcessType>2</eProcessType>
              <szSectionName>ESP</szSectionName>
            </row>
            <row>
              <eProcessType>2</eProcessType>
              <szSectionName>FIN</szSectionName>
            </row>
            <row>
              <eProcessType>2</eProcessType>
              <szSectionName>FRA</szSectionName>
            </row>
            <row>
              <eProcessType>2</eProcessType>
              <szSectionName>GER</szSectionName>
            </row>
            <row>
              <eProcessType>2</eProcessType>
              <szSectionName>GRK</szSectionName>
            </row>
            <row>
              <eProcessType>2</eProcessType>
              <szSectionName>HEB</szSectionName>
            </row>
            <row>
              <eProcessType>2</eProcessType>
              <szSectionName>HUN</szSectionName>
            </row>
            <row>
              <eProcessType>2</eProcessType>
              <szSectionName>ITA</szSectionName>
            </row>
            <row>
              <eProcessType>2</eProcessType>
              <szSectionName>JPN</szSectionName>
            </row>
            <row>
              <eProcessType>2</eProcessType>
              <szSectionName>KOR</szSectionName>
            </row>
            <row>
              <eProcessType>2</eProcessType>
              <szSectionName>MAY</szSectionName>
            </row>
            <row>
              <eProcessType>2</eProcessType>
              <szSectionName>NOR</szSectionName>
            </row>
            <row>
              <eProcessType>2</eProcessType>
              <szSectionName>POL</szSectionName>
            </row>
            <row>
              <eProcessType>2</eProcessType>
              <szSectionName>POR</szSectionName>
            </row>
            <row>
              <eProcessType>2</eProcessType>
              <szSectionName>ROM</szSectionName>
            </row>
            <row>
              <eProcessType>2</eProcessType>
              <szSectionName>RUS</szSectionName>
            </row>
            <row>
              <eProcessType>2</eProcessType>
              <szSectionName>SER</szSectionName>
            </row>
            <row>
              <eProcessType>2</eProcessType>
              <szSectionName>SLK</szSectionName>
            </row>
            <row>
              <eProcessType>2</eProcessType>
              <szSectionName>SLV</szSectionName>
            </row>
            <row>
              <eProcessType>2</eProcessType>
              <szSectionName>SVE</szSectionName>
            </row>
            <row>
              <eProcessType>2</eProcessType>
              <szSectionName>THA</szSectionName>
            </row>
            <row>
              <eProcessType>2</eProcessType>
              <szSectionName>TUR</szSectionName>
            </row>
            <row>
              <eProcessType>2</eProcessType>
              <szSectionName>UKE</szSectionName>
            </row>
            <row>
              <eProcessType>2</eProcessType>
              <szSectionName>VIE</szSectionName>
            </row>
            <row>
              <eProcessType>2</eProcessType>
              <szSectionName>ZHS</szSectionName>
            </row>
            <row>
              <eProcessType>2</eProcessType>
              <szSectionName>ZHT</szSectionName>
            </row>
          </rowset>
        </lpSec>
        <nIncCount>0</nIncCount>
        <lpInc>POINTER</lpInc>
        <nDepCount>0</nDepCount>
        <lpDep>POINTER</lpDep>
        <nLangCount>0</nLangCount>
        <hLang>HANDLE</hLang>
      </row>
    </rowset>
  </instance>
  <instance class="AEM">
    <rowset name="AemDefn" size="1128" count="1">
      <row>
        <szLastUpdDttm>2015-10-27-13.49.27.008557</szLastUpdDttm>
        <szLastUpdOprId>kirankumar.karusala</szLastUpdOprId>
        <szObjectOwnerId></szObjectOwnerId>
        <nUseCount>1</nUseCount>
        <bUseUpdate>1</bUseUpdate>
        <lVersion>1</lVersion>
        <lSwapVersion>0</lSwapVersion>
        <nSwapNum>0</nSwapNum>
        <szApplId>AE065_SG</szApplId>
        <szInrootelement></szInrootelement>
        <szInmsgname></szInmsgname>
        <szInmsgversion></szInmsgversion>
        <szOutrootelement></szOutrootelement>
        <szOutmsgname></szOutmsgname>
        <szOutmsgversion></szOutmsgversion>
        <szLanguageCd>ENG</szLanguageCd>
        <szDescr>Pivot GL Extraction</szDescr>
        <cDateOverride>N</cDateOverride>
        <bDateOverride>0</bDateOverride>
        <szAsOfDate>1900-01-01</szAsOfDate>
        <lMessageSetNbr>0</lMessageSetNbr>
        <cApplLibrary>N</cApplLibrary>
        <bApplLibrary>0</bApplLibrary>
        <cDisableRestart>Y</cDisableRestart>
        <bDisableRestart>1</bDisableRestart>
        <cProgType>0</cProgType>
        <eProgType>0</eProgType>
        <lDescrLongLen>5874</lDescrLongLen>
        <lpszDescrLong> POINTER
          <rowset name="char" size="5874" count="1">
            <row>
              <lpszDescrLong>/*********************************************************************************/
/* Developer : KiranKumar Karusala                                                         
/* Date      : 22/09/2015                                                                   *
/* Descr     : CO#1439415_Accounts Criteria Automation in pivot files      /*********************************************************************************/

/*********************************************************************************/
/* Developer: Amit Kumar Ram
/* CO number: 1338097
/* Title: [Taipei] Automation of Taipei batch stream to run on week-ends
/* Date:13-May-2015
/* Description: Modified peoplecode in Main--&gt;Init--&gt;Peoplecode. /*Sunday also included for extraction criteria as Saturday.
/*********************************************************************************/

/*********************************************************************************/
/* Developer: Amit Kumar Ram
/* CO number: 1388049
/* Title: [AE065] - BUG - Issue on comma delimiter
/* Date:23-APR-2015
/* Description: - Modified sql object pvt_ldg_agg_extrc_pci_sg and /* pvt_ldg_agg_extrac3_sg for description fields
/*********************************************************************************/

/*********************************************************************************/
/* Developer: Ramprasad Dubey
/* CO number: 1309216
/* Title: [PANAMA] New pivot format &quot;Balance UCC LIGHT&quot;
/* Date:22-APR-2014
/* Description: - Added Criteria for Balance UCC Light
/*********************************************************************************/

/**********************************************************************/
Developer : Chethan Krishnappa
Date      : 05/2/2013   
Descr     : CO1297081 [DOLCE - Performance] Improvement of Pivot engine                                         
Details : Added Journal Date Criteria for entries extraction
/**********************************************************************/

Developer : Priyanka Chhibber 
Date      : 05/2/2013   
Descr     : CO1036596                                           
To extend the Intraday functionality for Paris and Non Paris BU for AGG  extraction type                
                             
/***********************************************************************/

Modified by : Prashanth Haligya
Date 07/10/2013
Desc : Modified as part of CO1109188
Optimize the intraday simulation of DTM_PARI to avoid manual refresh at D+4
Changed Object: Main.Init.PeopleCode.

/**********************************************************************/

Modified by: Prashanth Haligya
Date: 04/06/2014
Desc: CO1233211
Modified the peoplecode and SQL in do select in the Main section.

Modified by: Prashanth Haligya
Date : 07/10/2014
CO1281028
Mmodified the people code to chnage the tables to ACCOUNT_DTM and ALTACCT_DTM.</lpszDescrLong>
            </row>
          </rowset>
        </lpszDescrLong>
        <lStateCount>3</lStateCount>
        <lpStateT> POINTER
          <rowset name="AeState" size="120" count="3">
            <row>
              <szStateRecName>PIVOT_SG_AET</szStateRecName>
              <cDefaultState>Y</cDefaultState>
              <bDefaultState>1</bDefaultState>
            </row>
            <row>
              <szStateRecName>PVT_GFL_SG_AET</szStateRecName>
              <cDefaultState>N</cDefaultState>
              <bDefaultState>0</bDefaultState>
            </row>
            <row>
              <szStateRecName>PVT_JOIN_SG_AET</szStateRecName>
              <cDefaultState>N</cDefaultState>
              <bDefaultState>0</bDefaultState>
            </row>
          </rowset>
        </lpStateT>
        <lTempTblCount>0</lTempTblCount>
        <lpTempTblList>POINTER</lpTempTblList>
        <lTempTblInstances>0</lTempTblInstances>
        <fRecUse>0</fRecUse>
        <szLicenseCode>100000000000000000000000000000</szLicenseCode>
        <nLangCount>0</nLangCount>
        <hLang>HANDLE</hLang>
      </row>
    </rowset>
  </instance>
  <instance class="SRM">
    <rowset name="SrmDefn" size="432" count="1">
      <row>
        <szLastUpdDttm>2015-05-26-14.36.51.588199</szLastUpdDttm>
        <szLastUpdOprId>amit.ram</szLastUpdOprId>
        <szObjectOwnerId></szObjectOwnerId>
        <nUseCount>1</nUseCount>
        <bUseUpdate>1</bUseUpdate>
        <lVersion>1</lVersion>
        <lSwapVersion>0</lSwapVersion>
        <nSwapNum>0</nSwapNum>
        <szSqlId>PVT_LDG_AGG_EXTRC3_SG</szSqlId>
        <szSqlType>0</szSqlType>
        <szLanguageCd>ENG</szLanguageCd>
        <bEnableEffDt>0</bEnableEffDt>
        <cEnableEffDt>N</cEnableEffDt>
        <lStmtCount>1</lStmtCount>
        <lpStmtT> POINTER
          <rowset name="SrmStmt" size="144" count="1">
            <row>
              <szMarket>GBL</szMarket>
              <eDbType>32</eDbType>
              <cDbType> </cDbType>
              <szEffDt>1900-01-01</szEffDt>
              <szDescr></szDescr>
              <lSqlTextLen>4568</lSqlTextLen>
              <lpszSqlText> POINTER
                <rowset name="char" size="4568" count="1">
                  <row>
                    <lpszSqlText> SELECT /*+ #HINT# */ 'L' || #DL# || A.BUSINESS_UNIT || #DL# || A.LEDGER || #DL# || A.ACCOUNT || #DL# || A.ALTACCT || #DL# || A.DEPTID || #DL# || :2 || #DL# || :3 || #DL# || A.CURRENCY_CD || #DL# || A.BASE_CURRENCY || #DL# ||:13 || #DL# || :14 || #DL# || to_char((:2 * 1000) + :3) || #DL# || ACC.ACCOUNT_TYPE || #DL# /* CO1388049 changes start */ /*|| ACC.ACCT_TYPE_DESCR || #DL# || ACC.DESCR || #DL# || nvl(ALT.DESCR ,' ') || #DL# || nvl(DEP.DESCR ,' ') || #DL# */ ||Replace(ACC.ACCT_TYPE_DESCR ,#DL# ,#SDL#) || #DL# || nvl(Replace(ACC.DESCR ,#DL# ,#SDL#) ,' ') || #DL# || nvl(Replace(ALT.DESCR ,#DL# ,#SDL#) ,' ') || #DL# || nvl(Replace(DEP.DESCR ,#DL# ,#SDL#) ,' ') || /* CO1388049 changes ends */ #DL# || nvl(GOP.FPV_MNQ_GOP_SG ,' ') || #DL# || nvl(GOP.FPV_MNQ_PC_SG ,' ') || #DL# || nvl(GOP.FPV_MNQ_SBU_SG ,' ') || #DL# || A.YTD_BASE_AMT || #DL# || A.MTD_BASE_AMT || #DL# || nvl(B.MTD_BASE_AMT ,0) || #DL# || A.BCF_BASE_AMT || #DL# || A.ADJ_BASE_AMT || #DL# || nvl(B.ADJ_BASE_AMT ,0) || #DL# || A.YTD_TRAN_AMT || #DL# || A.MTD_TRAN_AMT || #DL# || nvl(B.MTD_TRAN_AMT ,0) || #DL# || A.BCF_TRAN_AMT || #DL# || A.ADJ_TRAN_AMT || #DL# || nvl(B.ADJ_TRAN_AMT ,0) || #DL# || nvl(DEP.ESTABID ,' ') || #DL# || :16 || #DL# || ' ' || #DL# || ' ' || #DL# || ' ' || #DL# || ' ' || #DL# || ' ' || #DL# || ' ' || #DL# || ' ' || #DL# || ' ' FROM #TABLE# A LEFT OUTER JOIN #TABLE# B ON A.BUSINESS_UNIT = B.BUSINESS_UNIT AND A.LEDGER = B.LEDGER AND A.ACCOUNT = B.ACCOUNT AND A.ALTACCT = B.ALTACCT AND A.DEPTID = B.DEPTID AND A.CURRENCY_CD = B.CURRENCY_CD AND :11 = b.FISCAL_YEAR AND :12 = b.ACCOUNTING_PERIOD #PVT_JOIN_ALT_SG# JOIN PS_ALTACCT_DTM ALT ON :6 = ALT.SETID AND A.ALTACCT = ALT.ALTACCT AND %DateIn(:4) &gt;= ALT.EFFDT AND %DateIn(:4) &lt; ALT.ENDDT #PVT_JOIN_DEP_SG# JOIN PS_DEPT_DTM DEP ON :10 = DEP.SETID AND A.DEPTID = DEP.DEPTID AND %DateIn(:4) &gt;= DEP.EFFDT AND %DateIn(:4) &lt; DEP.ENDDT #PVT_JOIN_GOP_SG# JOIN PS_FPV_STRUCT_DTM GOP ON :10 = GOP.SETID AND A.DEPTID = GOP.FPV_MNQ_PTF_SG AND %DateIn(:4) &gt;= GOP.EFFDT AND %DateIn(:4) &lt; GOP.ENDDT LEFT OUTER JOIN PS_ACCOUNT_DTM ACC ON A.ACCOUNT = ACC.ACCOUNT AND %DateIn(:4) BETWEEN ACC.EFFDT AND (ACC.ENDDT - 1) AND :5 = ACC.SETID WHERE A.business_unit = :1 #WHERELDG# AND A.FISCAL_YEAR = :2 AND A.ACCOUNTING_PERIOD = :3 #WHERECLAUSE# #ZEROAMT#</lpszSqlText>
                  </row>
                </rowset>
              </lpszSqlText>
              <lDescrLongLen>28</lDescrLongLen>
              <lpszDescrLong> POINTER
                <rowset name="char" size="28" count="1">
                  <row>
                    <lpszDescrLong>Change:1388049</lpszDescrLong>
                  </row>
                </rowset>
              </lpszDescrLong>
              <nLangCount>0</nLangCount>
              <hLang>HANDLE</hLang>
            </row>
          </rowset>
        </lpStmtT>
        <nSqlTextCount>0</nSqlTextCount>
        <lpSqlText>POINTER</lpSqlText>
      </row>
    </rowset>
  </instance>
  <instance class="SRM">
    <rowset name="SrmDefn" size="432" count="1">
      <row>
        <szLastUpdDttm>2015-05-26-14.36.52.587515</szLastUpdDttm>
        <szLastUpdOprId>amit.ram</szLastUpdOprId>
        <szObjectOwnerId></szObjectOwnerId>
        <nUseCount>1</nUseCount>
        <bUseUpdate>1</bUseUpdate>
        <lVersion>1</lVersion>
        <lSwapVersion>0</lSwapVersion>
        <nSwapNum>0</nSwapNum>
        <szSqlId>PVT_LDG_AGG_EXTRC_PCI_SG</szSqlId>
        <szSqlType>0</szSqlType>
        <szLanguageCd>ENG</szLanguageCd>
        <bEnableEffDt>0</bEnableEffDt>
        <cEnableEffDt>N</cEnableEffDt>
        <lStmtCount>1</lStmtCount>
        <lpStmtT> POINTER
          <rowset name="SrmStmt" size="144" count="1">
            <row>
              <szMarket>GBL</szMarket>
              <eDbType>32</eDbType>
              <cDbType> </cDbType>
              <szEffDt>1900-01-01</szEffDt>
              <szDescr></szDescr>
              <lSqlTextLen>4548</lSqlTextLen>
              <lpszSqlText> POINTER
                <rowset name="char" size="4548" count="1">
                  <row>
                    <lpszSqlText>SELECT /*+ #HINT# */ 'L' || #DL# || A.BUSINESS_UNIT || #DL# || A.LEDGER || #DL# || A.ACCOUNT || #DL# || A.ALTACCT || #DL# || A.DEPTID || #DL# || :2 || #DL# || :3 || #DL# || A.CURRENCY_CD || #DL# || A.BASE_CURRENCY || #DL# ||:13 || #DL# || :14 || #DL# || to_char((:2 * 1000) + :3) || #DL# || ACC.ACCOUNT_TYPE || #DL# /* CO1388049 changes start */ /*|| ACC.ACCT_TYPE_DESCR || #DL# || ACC.DESCR || #DL# || nvl(ALT.DESCR ,' ') || #DL# || nvl(DEP.DESCR ,' ') || #DL# */ || replace(ACC.ACCT_TYPE_DESCR ,#DL# ,#SDL#) || #DL# || replace(ACC.DESCR ,#DL# ,#SDL#) || #DL# || nvl(replace(ALT.DESCR ,#DL# ,#SDL#) ,' ') || #DL# || nvl(replace(DEP.DESCR ,#DL# ,#SDL#) ,' ') || #DL# /* CO1388049 changes Ends */ || nvl(GOP.FPV_MNQ_GOP_SG ,' ') || #DL# || nvl(GOP.FPV_MNQ_PC_SG ,' ') || #DL# || nvl(GOP.FPV_MNQ_SBU_SG ,' ') || #DL# || A.YTD_BASE_AMT || #DL# || A.MTD_BASE_AMT || #DL# || nvl(B.MTD_BASE_AMT ,0) || #DL# || A.BCF_BASE_AMT || #DL# || A.ADJ_BASE_AMT || #DL# || nvl(B.ADJ_BASE_AMT ,0) || #DL# || A.YTD_TRAN_AMT || #DL# || A.MTD_TRAN_AMT || #DL# || nvl(B.MTD_TRAN_AMT ,0) || #DL# || A.BCF_TRAN_AMT || #DL# || A.ADJ_TRAN_AMT || #DL# || nvl(B.ADJ_TRAN_AMT ,0) || #DL# || nvl(DEP.ESTABID ,' ') || #DL# || :16 || #DL# || ' ' || #DL# || ' ' || #DL# || ' ' || #DL# || ' ' || #DL# || ' ' || #DL# || ' ' || #DL# || ' ' || #DL# || ' ' FROM #TABLE# A LEFT OUTER JOIN #TABLE# B ON A.BUSINESS_UNIT = B.BUSINESS_UNIT AND A.LEDGER = B.LEDGER AND A.ACCOUNT = B.ACCOUNT AND A.ALTACCT = B.ALTACCT AND A.DEPTID = B.DEPTID AND A.CURRENCY_CD = B.CURRENCY_CD AND :11 = b.FISCAL_YEAR AND :12 = b.ACCOUNTING_PERIOD #PVT_JOIN_ALT_SG# JOIN PS_ALTACCT_DTM ALT ON :6 = ALT.SETID AND A.ALTACCT = ALT.ALTACCT AND %DateIn(:4) &gt;= ALT.EFFDT AND %DateIn(:4) &lt; ALT.ENDDT #PVT_JOIN_DEP_SG# JOIN PS_DEPT_DTM DEP ON :10 = DEP.SETID AND A.DEPTID = DEP.DEPTID AND %DateIn(:4) &gt;= DEP.EFFDT AND %DateIn(:4) &lt; DEP.ENDDT #PVT_JOIN_GOP_SG# JOIN PS_FPV_STRUCT_DTM GOP ON :10 = GOP.SETID AND A.DEPTID = GOP.FPV_MNQ_PTF_SG AND %DateIn(:4) &gt;= GOP.EFFDT AND %DateIn(:4) &lt; GOP.ENDDT LEFT OUTER JOIN PS_ACCOUNT_DTM ACC ON A.ACCOUNT = ACC.ACCOUNT AND %DateIn(:4) BETWEEN ACC.EFFDT AND (ACC.ENDDT - 1) AND :5 = ACC.SETID WHERE A.business_unit = :1 #WHERELDG# AND A.FISCAL_YEAR = :2 AND A.ACCOUNTING_PERIOD = :3 #WHERECLAUSE# #ZEROAMT#</lpszSqlText>
                  </row>
                </rowset>
              </lpszSqlText>
              <lDescrLongLen>30</lDescrLongLen>
              <lpszDescrLong> POINTER
                <rowset name="char" size="30" count="1">
                  <row>
                    <lpszDescrLong>Change: 1388049</lpszDescrLong>
                  </row>
                </rowset>
              </lpszDescrLong>
              <nLangCount>0</nLangCount>
              <hLang>HANDLE</hLang>
            </row>
          </rowset>
        </lpStmtT>
        <nSqlTextCount>0</nSqlTextCount>
        <lpSqlText>POINTER</lpSqlText>
      </row>
    </rowset>
  </instance>
