<?xml version='1.0'?>
  <!--Warning : Don't edit this file -->
  <instance class="PJM">
    <rowset name="PjmDefn" size="2184" count="1">
      <row>
        <szLastUpdDttm>2016-09-26-08.54.57.066975</szLastUpdDttm>
        <szLastUpdOprId>akanksha.prerna</szLastUpdOprId>
        <szObjectOwnerID></szObjectOwnerID>
        <nUseCount>1</nUseCount>
        <bUseUpdate>1</bUseUpdate>
        <lVersion>4295</lVersion>
        <lSwapVersion>0</lSwapVersion>
        <nSwapNum>0</nSwapNum>
        <szProjectName>SG_LOT1076</szProjectName>
        <szLanguageCd>ENG</szLanguageCd>
        <szProjectDescr>GLTES-219</szProjectDescr>
        <szSrcDBName>COEDEV11</szSrcDBName>
        <szSrcOprId>akanksha.prerna</szSrcOprId>
        <szSessionId>2bf2b6ab-83b6-11e6-a2a2-e9cdaa4fcd30</szSessionId>
        <szRunDtTm>2016-09-26-08.55.12.066750</szRunDtTm>
        <szTgtServerName></szTgtServerName>
        <szTgtDBName></szTgtDBName>
        <szTgtOprId></szTgtOprId>
        <fReportFilter>16232832</fReportFilter>
        <eTargetOrientation>0</eTargetOrientation>
        <eCompareType>1</eCompareType>
        <fKeepTgt>31</fKeepTgt>
        <nCommitLimit>50</nCommitLimit>
        <szCompRelease></szCompRelease>
        <szCompRelDttm></szCompRelDttm>
        <bMaintenanceProject>0</bMaintenanceProject>
        <bUseDbFieldNameAttrib>0</bUseDbFieldNameAttrib>
        <szReleaseLabel></szReleaseLabel>
        <szReleaseDttm></szReleaseDttm>
        <nDescrLongLen>484</nDescrLongLen>
        <hDescrLong> HANDLE
          <rowset name="char" size="484" count="1">
            <row>
              <hDescrLong>Added by : Akanksha Prerna
JIRA ID : GLTES-219
Descr: [Scalability] [MATCHING] Latency between run and begin process
Date : 26/09/2016
Max Concurrent set to 4
******************************************************************************</hDescrLong>
            </row>
          </rowset>
        </hDescrLong>
        <nProjectCount>1</nProjectCount>
        <lpPit> POINTER
          <rowset name="PjmPit" size="856" count="1">
            <row>
              <eObjectType>20</eObjectType>
              <szObjectValue_0>Application Engine</szObjectValue_0>
              <szObjectValue_1>RCN_EXT_SG</szObjectValue_1>
              <szObjectValue_2></szObjectValue_2>
              <szObjectValue_3></szObjectValue_3>
              <eObjectID_0>29</eObjectID_0>
              <eObjectID_1>28</eObjectID_1>
              <eObjectID_2>0</eObjectID_2>
              <eObjectID_3>0</eObjectID_3>
              <bExecute>0</bExecute>
              <eSourceStatus>0</eSourceStatus>
              <eTargetStatus>0</eTargetStatus>
              <eUpgradeAction>0</eUpgradeAction>
              <bTakeAction>1</bTakeAction>
              <bCopyDone>0</bCopyDone>
              <eRowStatus>3</eRowStatus>
            </row>
          </rowset>
        </lpPit>
        <nAdsBindingCount>0</nAdsBindingCount>
        <pPrjAdsBinding>POINTER</pPrjAdsBinding>
        <bCopyAllSec>1</bCopyAllSec>
        <bCompAllSec>1</bCompAllSec>
        <nSecCount>68</nSecCount>
        <lpSec> POINTER
          <rowset name="PjmSec" size="1360" count="68">
            <row>
              <eProcessType>0</eProcessType>
              <szSectionName>COMMON</szSectionName>
            </row>
            <row>
              <eProcessType>0</eProcessType>
              <szSectionName>ARA</szSectionName>
            </row>
            <row>
              <eProcessType>0</eProcessType>
              <szSectionName>BUL</szSectionName>
            </row>
            <row>
              <eProcessType>0</eProcessType>
              <szSectionName>CFR</szSectionName>
            </row>
            <row>
              <eProcessType>0</eProcessType>
              <szSectionName>CRO</szSectionName>
            </row>
            <row>
              <eProcessType>0</eProcessType>
              <szSectionName>CZE</szSectionName>
            </row>
            <row>
              <eProcessType>0</eProcessType>
              <szSectionName>DAN</szSectionName>
            </row>
            <row>
              <eProcessType>0</eProcessType>
              <szSectionName>DUT</szSectionName>
            </row>
            <row>
              <eProcessType>0</eProcessType>
              <szSectionName>ENG</szSectionName>
            </row>
            <row>
              <eProcessType>0</eProcessType>
              <szSectionName>ESP</szSectionName>
            </row>
            <row>
              <eProcessType>0</eProcessType>
              <szSectionName>FIN</szSectionName>
            </row>
            <row>
              <eProcessType>0</eProcessType>
              <szSectionName>FRA</szSectionName>
            </row>
            <row>
              <eProcessType>0</eProcessType>
              <szSectionName>GER</szSectionName>
            </row>
            <row>
              <eProcessType>0</eProcessType>
              <szSectionName>GRK</szSectionName>
            </row>
            <row>
              <eProcessType>0</eProcessType>
              <szSectionName>HEB</szSectionName>
            </row>
            <row>
              <eProcessType>0</eProcessType>
              <szSectionName>HUN</szSectionName>
            </row>
            <row>
              <eProcessType>0</eProcessType>
              <szSectionName>ITA</szSectionName>
            </row>
            <row>
              <eProcessType>0</eProcessType>
              <szSectionName>JPN</szSectionName>
            </row>
            <row>
              <eProcessType>0</eProcessType>
              <szSectionName>KOR</szSectionName>
            </row>
            <row>
              <eProcessType>0</eProcessType>
              <szSectionName>MAY</szSectionName>
            </row>
            <row>
              <eProcessType>0</eProcessType>
              <szSectionName>NOR</szSectionName>
            </row>
            <row>
              <eProcessType>0</eProcessType>
              <szSectionName>POL</szSectionName>
            </row>
            <row>
              <eProcessType>0</eProcessType>
              <szSectionName>POR</szSectionName>
            </row>
            <row>
              <eProcessType>0</eProcessType>
              <szSectionName>ROM</szSectionName>
            </row>
            <row>
              <eProcessType>0</eProcessType>
              <szSectionName>RUS</szSectionName>
            </row>
            <row>
              <eProcessType>0</eProcessType>
              <szSectionName>SER</szSectionName>
            </row>
            <row>
              <eProcessType>0</eProcessType>
              <szSectionName>SLK</szSectionName>
            </row>
            <row>
              <eProcessType>0</eProcessType>
              <szSectionName>SLV</szSectionName>
            </row>
            <row>
              <eProcessType>0</eProcessType>
              <szSectionName>SVE</szSectionName>
            </row>
            <row>
              <eProcessType>0</eProcessType>
              <szSectionName>THA</szSectionName>
            </row>
            <row>
              <eProcessType>0</eProcessType>
              <szSectionName>TUR</szSectionName>
            </row>
            <row>
              <eProcessType>0</eProcessType>
              <szSectionName>UKE</szSectionName>
            </row>
            <row>
              <eProcessType>0</eProcessType>
              <szSectionName>ZHS</szSectionName>
            </row>
            <row>
              <eProcessType>0</eProcessType>
              <szSectionName>ZHT</szSectionName>
            </row>
            <row>
              <eProcessType>2</eProcessType>
              <szSectionName>COMMON</szSectionName>
            </row>
            <row>
              <eProcessType>2</eProcessType>
              <szSectionName>ARA</szSectionName>
            </row>
            <row>
              <eProcessType>2</eProcessType>
              <szSectionName>BUL</szSectionName>
            </row>
            <row>
              <eProcessType>2</eProcessType>
              <szSectionName>CFR</szSectionName>
            </row>
            <row>
              <eProcessType>2</eProcessType>
              <szSectionName>CRO</szSectionName>
            </row>
            <row>
              <eProcessType>2</eProcessType>
              <szSectionName>CZE</szSectionName>
            </row>
            <row>
              <eProcessType>2</eProcessType>
              <szSectionName>DAN</szSectionName>
            </row>
            <row>
              <eProcessType>2</eProcessType>
              <szSectionName>DUT</szSectionName>
            </row>
            <row>
              <eProcessType>2</eProcessType>
              <szSectionName>ENG</szSectionName>
            </row>
            <row>
              <eProcessType>2</eProcessType>
              <szSectionName>ESP</szSectionName>
            </row>
            <row>
              <eProcessType>2</eProcessType>
              <szSectionName>FIN</szSectionName>
            </row>
            <row>
              <eProcessType>2</eProcessType>
              <szSectionName>FRA</szSectionName>
            </row>
            <row>
              <eProcessType>2</eProcessType>
              <szSectionName>GER</szSectionName>
            </row>
            <row>
              <eProcessType>2</eProcessType>
              <szSectionName>GRK</szSectionName>
            </row>
            <row>
              <eProcessType>2</eProcessType>
              <szSectionName>HEB</szSectionName>
            </row>
            <row>
              <eProcessType>2</eProcessType>
              <szSectionName>HUN</szSectionName>
            </row>
            <row>
              <eProcessType>2</eProcessType>
              <szSectionName>ITA</szSectionName>
            </row>
            <row>
              <eProcessType>2</eProcessType>
              <szSectionName>JPN</szSectionName>
            </row>
            <row>
              <eProcessType>2</eProcessType>
              <szSectionName>KOR</szSectionName>
            </row>
            <row>
              <eProcessType>2</eProcessType>
              <szSectionName>MAY</szSectionName>
            </row>
            <row>
              <eProcessType>2</eProcessType>
              <szSectionName>NOR</szSectionName>
            </row>
            <row>
              <eProcessType>2</eProcessType>
              <szSectionName>POL</szSectionName>
            </row>
            <row>
              <eProcessType>2</eProcessType>
              <szSectionName>POR</szSectionName>
            </row>
            <row>
              <eProcessType>2</eProcessType>
              <szSectionName>ROM</szSectionName>
            </row>
            <row>
              <eProcessType>2</eProcessType>
              <szSectionName>RUS</szSectionName>
            </row>
            <row>
              <eProcessType>2</eProcessType>
              <szSectionName>SER</szSectionName>
            </row>
            <row>
              <eProcessType>2</eProcessType>
              <szSectionName>SLK</szSectionName>
            </row>
            <row>
              <eProcessType>2</eProcessType>
              <szSectionName>SLV</szSectionName>
            </row>
            <row>
              <eProcessType>2</eProcessType>
              <szSectionName>SVE</szSectionName>
            </row>
            <row>
              <eProcessType>2</eProcessType>
              <szSectionName>THA</szSectionName>
            </row>
            <row>
              <eProcessType>2</eProcessType>
              <szSectionName>TUR</szSectionName>
            </row>
            <row>
              <eProcessType>2</eProcessType>
              <szSectionName>UKE</szSectionName>
            </row>
            <row>
              <eProcessType>2</eProcessType>
              <szSectionName>ZHS</szSectionName>
            </row>
            <row>
              <eProcessType>2</eProcessType>
              <szSectionName>ZHT</szSectionName>
            </row>
          </rowset>
        </lpSec>
        <nIncCount>0</nIncCount>
        <lpInc>POINTER</lpInc>
        <nDepCount>0</nDepCount>
        <lpDep>POINTER</lpDep>
        <nLangCount>0</nLangCount>
        <hLang>HANDLE</hLang>
      </row>
    </rowset>
  </instance>
  <instance class="PSD">
    <rowset name="PsdDefn" size="3416" count="1">
      <row>
        <szLastUpdDttm>2016-09-22-12.41.01.000000</szLastUpdDttm>
        <szLastUpdOprId>valerie.delay</szLastUpdOprId>
        <nUseCount>1</nUseCount>
        <bUseUpdate>1</bUseUpdate>
        <lVersion>1947</lVersion>
        <lSwapVersion>0</lSwapVersion>
        <nSwapNum>0</nSwapNum>
        <szPrcsType>Application Engine</szPrcsType>
        <szPrcsName>RCN_EXT_SG</szPrcsName>
        <szLanguageCd>ENG</szLanguageCd>
        <szParmList></szParmList>
        <eParmListType>0</eParmListType>
        <szParmListType>0</szParmListType>
        <szCmdLine></szCmdLine>
        <eCmdLineType>0</eCmdLineType>
        <szCmdLineType>0</szCmdLineType>
        <szWorkingDir></szWorkingDir>
        <eWorkingDirType>0</eWorkingDirType>
        <szWorkingDirType>0</szWorkingDirType>
        <bSQRRunTime>0</bSQRRunTime>
        <szSQRRunTime>0</szSQRRunTime>
        <bLogRqst>1</bLogRqst>
        <szLogRqst>1</szLogRqst>
        <bAPIAware>1</bAPIAware>
        <szAPIAware>1</szAPIAware>
        <bReadOnly>0</bReadOnly>
        <szReadOnly>0</szReadOnly>
        <eOutDestSrc>0</eOutDestSrc>
        <szOutDestSrc>0</szOutDestSrc>
        <eOutDestType>6</eOutDestType>
        <szOutDestType>6</szOutDestType>
        <szOutputDest></szOutputDest>
        <nPriority>5</nPriority>
        <szPriority>5</szPriority>
        <eRunLocation>0</eRunLocation>
        <szRunLocation>0</szRunLocation>
        <szServerName></szServerName>
        <szShellId></szShellId>
        <szMsgLogTable></szMsgLogTable>
        <szRqstTable></szRqstTable>
        <szRecurName></szRecurName>
        <szOutDestFormat>14</szOutDestFormat>
        <eOutDestFormat>14</eOutDestFormat>
        <nRetentionDays>0</nRetentionDays>
        <nPrcsRetentionDays>0</nPrcsRetentionDays>
        <szPortalFolderName>GENERAL</szPortalFolderName>
        <szDescr>Matching Extraction SG</szDescr>
        <szPrcsTypeDescr></szPrcsTypeDescr>
        <szRecvryPrcsType></szRecvryPrcsType>
        <szRecvryPrcsName></szRecvryPrcsName>
        <bRestartEnabled>0</bRestartEnabled>
        <szRestartEnabled>0</szRestartEnabled>
        <szPrcsFileName></szPrcsFileName>
        <szPrcsCategory>Default</szPrcsCategory>
        <bFileDepend>0</bFileDepend>
        <szFileDepend>0</szFileDepend>
        <nRetryCount>0</nRetryCount>
        <nTimeOutMinutes>0</nTimeOutMinutes>
        <nMaxConcurrent>4</nMaxConcurrent>
        <nTimeOutMaxMins>0</nTimeOutMaxMins>
        <nPrcsShowUrl>0</nPrcsShowUrl>
        <szPrcsEnGenRunCntl>N</szPrcsEnGenRunCntl>
        <bPrcsEnGenRunCntl>0</bPrcsEnGenRunCntl>
        <szPrcsRunCntlSec>0</szPrcsRunCntlSec>
        <ePrcsRunCntlSec>0</ePrcsRunCntlSec>
        <nPrcsGrpCount>2</nPrcsGrpCount>
        <lpPrcsGrpList> POINTER
          <rowset name="PsdPrcsGrp" size="124" count="2">
            <row>
              <szPrcsGrp>GL_BATCH_SG</szPrcsGrp>
            </row>
            <row>
              <szPrcsGrp>TLSALL</szPrcsGrp>
            </row>
          </rowset>
        </lpPrcsGrpList>
        <nPnlGrpCount>1</nPnlGrpCount>
        <lpPnlGrpList> POINTER
          <rowset name="PsdPnlGrp" size="38" count="1">
            <row>
              <szPnlGrpName>RCN_EXT_SG</szPnlGrpName>
            </row>
          </rowset>
        </lpPnlGrpList>
        <nXferCount>0</nXferCount>
        <lpPrcsXfer>POINTER</lpPrcsXfer>
        <nDescrLongLen>0</nDescrLongLen>
        <lpszDescrLong>POINTER</lpszDescrLong>
        <nPrcsDefnNotifyCount>0</nPrcsDefnNotifyCount>
        <lpPrcsDefnNotify>POINTER</lpPrcsDefnNotify>
        <nPrcsDefnCntDistCount>0</nPrcsDefnCntDistCount>
        <lpPrcsDefnCntDist>POINTER</lpPrcsDefnCntDist>
        <nPrcsDefnMessageCount>0</nPrcsDefnMessageCount>
        <lpPrcsDefnMessage>POINTER</lpPrcsDefnMessage>
        <nMetaCount>0</nMetaCount>
        <lpPrcsDefnMeta>POINTER</lpPrcsDefnMeta>
        <nPrcsDefnUrlCount>0</nPrcsDefnUrlCount>
        <lpPrcsDefnUrlList>POINTER</lpPrcsDefnUrlList>
        <nLangCount>0</nLangCount>
        <hLang>HANDLE</hLang>
        <nPrcsDefnRunCntlParamCount>0</nPrcsDefnRunCntlParamCount>
        <lpPrcsDefnRunCntlParamList>POINTER</lpPrcsDefnRunCntlParamList>
      </row>
    </rowset>
  </instance>
  <instance class="PSD844">
    <rowset name="PsdDefn" size="3416" count="1">
      <row>
        <szLastUpdDttm>2016-09-22-12.41.01.000000</szLastUpdDttm>
        <szLastUpdOprId>valerie.delay</szLastUpdOprId>
        <nUseCount>1</nUseCount>
        <bUseUpdate>1</bUseUpdate>
        <lVersion>1947</lVersion>
        <lSwapVersion>0</lSwapVersion>
        <nSwapNum>0</nSwapNum>
        <szPrcsType>Application Engine</szPrcsType>
        <szPrcsName>RCN_EXT_SG</szPrcsName>
        <szLanguageCd>ENG</szLanguageCd>
        <szParmList></szParmList>
        <eParmListType>0</eParmListType>
        <szParmListType>0</szParmListType>
        <szCmdLine></szCmdLine>
        <eCmdLineType>0</eCmdLineType>
        <szCmdLineType>0</szCmdLineType>
        <szWorkingDir></szWorkingDir>
        <eWorkingDirType>0</eWorkingDirType>
        <szWorkingDirType>0</szWorkingDirType>
        <bSQRRunTime>0</bSQRRunTime>
        <szSQRRunTime>0</szSQRRunTime>
        <bLogRqst>1</bLogRqst>
        <szLogRqst>1</szLogRqst>
        <bAPIAware>1</bAPIAware>
        <szAPIAware>1</szAPIAware>
        <bReadOnly>0</bReadOnly>
        <szReadOnly>0</szReadOnly>
        <eOutDestSrc>0</eOutDestSrc>
        <szOutDestSrc>0</szOutDestSrc>
        <eOutDestType>6</eOutDestType>
        <szOutDestType>6</szOutDestType>
        <szOutputDest></szOutputDest>
        <nPriority>5</nPriority>
        <szPriority>5</szPriority>
        <eRunLocation>0</eRunLocation>
        <szRunLocation>0</szRunLocation>
        <szServerName></szServerName>
        <szShellId></szShellId>
        <szMsgLogTable></szMsgLogTable>
        <szRqstTable></szRqstTable>
        <szRecurName></szRecurName>
        <szOutDestFormat>14</szOutDestFormat>
        <eOutDestFormat>14</eOutDestFormat>
        <nRetentionDays>0</nRetentionDays>
        <nPrcsRetentionDays>0</nPrcsRetentionDays>
        <szPortalFolderName>GENERAL</szPortalFolderName>
        <szDescr>Matching Extraction SG</szDescr>
        <szPrcsTypeDescr></szPrcsTypeDescr>
        <szRecvryPrcsType></szRecvryPrcsType>
        <szRecvryPrcsName></szRecvryPrcsName>
        <bRestartEnabled>0</bRestartEnabled>
        <szRestartEnabled>0</szRestartEnabled>
        <szPrcsFileName></szPrcsFileName>
        <szPrcsCategory>Default</szPrcsCategory>
        <bFileDepend>0</bFileDepend>
        <szFileDepend>0</szFileDepend>
        <nRetryCount>0</nRetryCount>
        <nTimeOutMinutes>0</nTimeOutMinutes>
        <nMaxConcurrent>4</nMaxConcurrent>
        <nTimeOutMaxMins>0</nTimeOutMaxMins>
        <nPrcsShowUrl>0</nPrcsShowUrl>
        <szPrcsEnGenRunCntl>N</szPrcsEnGenRunCntl>
        <bPrcsEnGenRunCntl>0</bPrcsEnGenRunCntl>
        <szPrcsRunCntlSec>0</szPrcsRunCntlSec>
        <ePrcsRunCntlSec>0</ePrcsRunCntlSec>
        <nPrcsGrpCount>2</nPrcsGrpCount>
        <lpPrcsGrpList> POINTER
          <rowset name="PsdPrcsGrp" size="124" count="2">
            <row>
              <szPrcsGrp>GL_BATCH_SG</szPrcsGrp>
            </row>
            <row>
              <szPrcsGrp>TLSALL</szPrcsGrp>
            </row>
          </rowset>
        </lpPrcsGrpList>
        <nPnlGrpCount>1</nPnlGrpCount>
        <lpPnlGrpList> POINTER
          <rowset name="PsdPnlGrp" size="38" count="1">
            <row>
              <szPnlGrpName>RCN_EXT_SG</szPnlGrpName>
            </row>
          </rowset>
        </lpPnlGrpList>
        <nXferCount>0</nXferCount>
        <lpPrcsXfer>POINTER</lpPrcsXfer>
        <nDescrLongLen>0</nDescrLongLen>
        <lpszDescrLong>POINTER</lpszDescrLong>
        <nPrcsDefnNotifyCount>0</nPrcsDefnNotifyCount>
        <lpPrcsDefnNotify>POINTER</lpPrcsDefnNotify>
        <nPrcsDefnCntDistCount>0</nPrcsDefnCntDistCount>
        <lpPrcsDefnCntDist>POINTER</lpPrcsDefnCntDist>
        <nPrcsDefnMessageCount>0</nPrcsDefnMessageCount>
        <lpPrcsDefnMessage>POINTER</lpPrcsDefnMessage>
        <nMetaCount>0</nMetaCount>
        <lpPrcsDefnMeta>POINTER</lpPrcsDefnMeta>
        <nPrcsDefnUrlCount>0</nPrcsDefnUrlCount>
        <lpPrcsDefnUrlList>POINTER</lpPrcsDefnUrlList>
        <nLangCount>0</nLangCount>
        <hLang>HANDLE</hLang>
        <nPrcsDefnRunCntlParamCount>0</nPrcsDefnRunCntlParamCount>
        <lpPrcsDefnRunCntlParamList>POINTER</lpPrcsDefnRunCntlParamList>
      </row>
    </rowset>
  </instance>
