<?xml version='1.0'?>
  <!--Warning : Don't edit this file -->
  <instance class="PJM">
    <rowset name="PjmDefn" size="2184" count="1">
      <row>
        <szLastUpdDttm>2016-10-24-12.27.27.671597</szLastUpdDttm>
        <szLastUpdOprId>akanksha.prerna</szLastUpdOprId>
        <szObjectOwnerID></szObjectOwnerID>
        <nUseCount>1</nUseCount>
        <bUseUpdate>1</bUseUpdate>
        <lVersion>4435</lVersion>
        <lSwapVersion>0</lSwapVersion>
        <nSwapNum>0</nSwapNum>
        <szProjectName>SG_LOT1081</szProjectName>
        <szLanguageCd>ENG</szLanguageCd>
        <szProjectDescr>time duration of ADB calculati</szProjectDescr>
        <szSrcDBName>COEDEV11</szSrcDBName>
        <szSrcOprId>akanksha.prerna</szSrcOprId>
        <szSessionId>9eb1b723-99d4-11e6-a2a2-e9cdaa4fcd30</szSessionId>
        <szRunDtTm>2016-10-24-12.28.35.671504</szRunDtTm>
        <szTgtServerName></szTgtServerName>
        <szTgtDBName></szTgtDBName>
        <szTgtOprId></szTgtOprId>
        <fReportFilter>16232832</fReportFilter>
        <eTargetOrientation>0</eTargetOrientation>
        <eCompareType>1</eCompareType>
        <fKeepTgt>31</fKeepTgt>
        <nCommitLimit>50</nCommitLimit>
        <szCompRelease></szCompRelease>
        <szCompRelDttm></szCompRelDttm>
        <bMaintenanceProject>0</bMaintenanceProject>
        <bUseDbFieldNameAttrib>0</bUseDbFieldNameAttrib>
        <szReleaseLabel></szReleaseLabel>
        <szReleaseDttm></szReleaseDttm>
        <nDescrLongLen>790</nDescrLongLen>
        <hDescrLong> HANDLE
          <rowset name="char" size="790" count="1">
            <row>
              <hDescrLong>/****************************************************************************/
/* JIRA number: GLTES-243
/* Title:[Scalabilty] Improve the time duration of ADB calculation (AE100)
/* Developer: Adil Louski
/*Packaged by : Akanksha Prerna
/* Date:25-Oct-2016
/* Description: - time duration of ADB calculation
/*****************************************************************************/</hDescrLong>
            </row>
          </rowset>
        </hDescrLong>
        <nProjectCount>1</nProjectCount>
        <lpPit> POINTER
          <rowset name="PjmPit" size="856" count="1">
            <row>
              <eObjectType>30</eObjectType>
              <szObjectValue_0>AE100_SG    MAJ2    Step01  S</szObjectValue_0>
              <szObjectValue_1>1</szObjectValue_1>
              <szObjectValue_2></szObjectValue_2>
              <szObjectValue_3></szObjectValue_3>
              <eObjectID_0>65</eObjectID_0>
              <eObjectID_1>81</eObjectID_1>
              <eObjectID_2>0</eObjectID_2>
              <eObjectID_3>0</eObjectID_3>
              <bExecute>0</bExecute>
              <eSourceStatus>0</eSourceStatus>
              <eTargetStatus>0</eTargetStatus>
              <eUpgradeAction>0</eUpgradeAction>
              <bTakeAction>1</bTakeAction>
              <bCopyDone>0</bCopyDone>
              <eRowStatus>3</eRowStatus>
            </row>
          </rowset>
        </lpPit>
        <nAdsBindingCount>0</nAdsBindingCount>
        <pPrjAdsBinding>POINTER</pPrjAdsBinding>
        <bCopyAllSec>1</bCopyAllSec>
        <bCompAllSec>1</bCompAllSec>
        <nSecCount>68</nSecCount>
        <lpSec> POINTER
          <rowset name="PjmSec" size="1360" count="68">
            <row>
              <eProcessType>0</eProcessType>
              <szSectionName>COMMON</szSectionName>
            </row>
            <row>
              <eProcessType>0</eProcessType>
              <szSectionName>ARA</szSectionName>
            </row>
            <row>
              <eProcessType>0</eProcessType>
              <szSectionName>BUL</szSectionName>
            </row>
            <row>
              <eProcessType>0</eProcessType>
              <szSectionName>CFR</szSectionName>
            </row>
            <row>
              <eProcessType>0</eProcessType>
              <szSectionName>CRO</szSectionName>
            </row>
            <row>
              <eProcessType>0</eProcessType>
              <szSectionName>CZE</szSectionName>
            </row>
            <row>
              <eProcessType>0</eProcessType>
              <szSectionName>DAN</szSectionName>
            </row>
            <row>
              <eProcessType>0</eProcessType>
              <szSectionName>DUT</szSectionName>
            </row>
            <row>
              <eProcessType>0</eProcessType>
              <szSectionName>ENG</szSectionName>
            </row>
            <row>
              <eProcessType>0</eProcessType>
              <szSectionName>ESP</szSectionName>
            </row>
            <row>
              <eProcessType>0</eProcessType>
              <szSectionName>FIN</szSectionName>
            </row>
            <row>
              <eProcessType>0</eProcessType>
              <szSectionName>FRA</szSectionName>
            </row>
            <row>
              <eProcessType>0</eProcessType>
              <szSectionName>GER</szSectionName>
            </row>
            <row>
              <eProcessType>0</eProcessType>
              <szSectionName>GRK</szSectionName>
            </row>
            <row>
              <eProcessType>0</eProcessType>
              <szSectionName>HEB</szSectionName>
            </row>
            <row>
              <eProcessType>0</eProcessType>
              <szSectionName>HUN</szSectionName>
            </row>
            <row>
              <eProcessType>0</eProcessType>
              <szSectionName>ITA</szSectionName>
            </row>
            <row>
              <eProcessType>0</eProcessType>
              <szSectionName>JPN</szSectionName>
            </row>
            <row>
              <eProcessType>0</eProcessType>
              <szSectionName>KOR</szSectionName>
            </row>
            <row>
              <eProcessType>0</eProcessType>
              <szSectionName>MAY</szSectionName>
            </row>
            <row>
              <eProcessType>0</eProcessType>
              <szSectionName>NOR</szSectionName>
            </row>
            <row>
              <eProcessType>0</eProcessType>
              <szSectionName>POL</szSectionName>
            </row>
            <row>
              <eProcessType>0</eProcessType>
              <szSectionName>POR</szSectionName>
            </row>
            <row>
              <eProcessType>0</eProcessType>
              <szSectionName>ROM</szSectionName>
            </row>
            <row>
              <eProcessType>0</eProcessType>
              <szSectionName>RUS</szSectionName>
            </row>
            <row>
              <eProcessType>0</eProcessType>
              <szSectionName>SER</szSectionName>
            </row>
            <row>
              <eProcessType>0</eProcessType>
              <szSectionName>SLK</szSectionName>
            </row>
            <row>
              <eProcessType>0</eProcessType>
              <szSectionName>SLV</szSectionName>
            </row>
            <row>
              <eProcessType>0</eProcessType>
              <szSectionName>SVE</szSectionName>
            </row>
            <row>
              <eProcessType>0</eProcessType>
              <szSectionName>THA</szSectionName>
            </row>
            <row>
              <eProcessType>0</eProcessType>
              <szSectionName>TUR</szSectionName>
            </row>
            <row>
              <eProcessType>0</eProcessType>
              <szSectionName>UKE</szSectionName>
            </row>
            <row>
              <eProcessType>0</eProcessType>
              <szSectionName>ZHS</szSectionName>
            </row>
            <row>
              <eProcessType>0</eProcessType>
              <szSectionName>ZHT</szSectionName>
            </row>
            <row>
              <eProcessType>2</eProcessType>
              <szSectionName>COMMON</szSectionName>
            </row>
            <row>
              <eProcessType>2</eProcessType>
              <szSectionName>ARA</szSectionName>
            </row>
            <row>
              <eProcessType>2</eProcessType>
              <szSectionName>BUL</szSectionName>
            </row>
            <row>
              <eProcessType>2</eProcessType>
              <szSectionName>CFR</szSectionName>
            </row>
            <row>
              <eProcessType>2</eProcessType>
              <szSectionName>CRO</szSectionName>
            </row>
            <row>
              <eProcessType>2</eProcessType>
              <szSectionName>CZE</szSectionName>
            </row>
            <row>
              <eProcessType>2</eProcessType>
              <szSectionName>DAN</szSectionName>
            </row>
            <row>
              <eProcessType>2</eProcessType>
              <szSectionName>DUT</szSectionName>
            </row>
            <row>
              <eProcessType>2</eProcessType>
              <szSectionName>ENG</szSectionName>
            </row>
            <row>
              <eProcessType>2</eProcessType>
              <szSectionName>ESP</szSectionName>
            </row>
            <row>
              <eProcessType>2</eProcessType>
              <szSectionName>FIN</szSectionName>
            </row>
            <row>
              <eProcessType>2</eProcessType>
              <szSectionName>FRA</szSectionName>
            </row>
            <row>
              <eProcessType>2</eProcessType>
              <szSectionName>GER</szSectionName>
            </row>
            <row>
              <eProcessType>2</eProcessType>
              <szSectionName>GRK</szSectionName>
            </row>
            <row>
              <eProcessType>2</eProcessType>
              <szSectionName>HEB</szSectionName>
            </row>
            <row>
              <eProcessType>2</eProcessType>
              <szSectionName>HUN</szSectionName>
            </row>
            <row>
              <eProcessType>2</eProcessType>
              <szSectionName>ITA</szSectionName>
            </row>
            <row>
              <eProcessType>2</eProcessType>
              <szSectionName>JPN</szSectionName>
            </row>
            <row>
              <eProcessType>2</eProcessType>
              <szSectionName>KOR</szSectionName>
            </row>
            <row>
              <eProcessType>2</eProcessType>
              <szSectionName>MAY</szSectionName>
            </row>
            <row>
              <eProcessType>2</eProcessType>
              <szSectionName>NOR</szSectionName>
            </row>
            <row>
              <eProcessType>2</eProcessType>
              <szSectionName>POL</szSectionName>
            </row>
            <row>
              <eProcessType>2</eProcessType>
              <szSectionName>POR</szSectionName>
            </row>
            <row>
              <eProcessType>2</eProcessType>
              <szSectionName>ROM</szSectionName>
            </row>
            <row>
              <eProcessType>2</eProcessType>
              <szSectionName>RUS</szSectionName>
            </row>
            <row>
              <eProcessType>2</eProcessType>
              <szSectionName>SER</szSectionName>
            </row>
            <row>
              <eProcessType>2</eProcessType>
              <szSectionName>SLK</szSectionName>
            </row>
            <row>
              <eProcessType>2</eProcessType>
              <szSectionName>SLV</szSectionName>
            </row>
            <row>
              <eProcessType>2</eProcessType>
              <szSectionName>SVE</szSectionName>
            </row>
            <row>
              <eProcessType>2</eProcessType>
              <szSectionName>THA</szSectionName>
            </row>
            <row>
              <eProcessType>2</eProcessType>
              <szSectionName>TUR</szSectionName>
            </row>
            <row>
              <eProcessType>2</eProcessType>
              <szSectionName>UKE</szSectionName>
            </row>
            <row>
              <eProcessType>2</eProcessType>
              <szSectionName>ZHS</szSectionName>
            </row>
            <row>
              <eProcessType>2</eProcessType>
              <szSectionName>ZHT</szSectionName>
            </row>
          </rowset>
        </lpSec>
        <nIncCount>0</nIncCount>
        <lpInc>POINTER</lpInc>
        <nDepCount>0</nDepCount>
        <lpDep>POINTER</lpDep>
        <nLangCount>0</nLangCount>
        <hLang>HANDLE</hLang>
      </row>
    </rowset>
  </instance>
  <instance class="SRM">
    <rowset name="SrmDefn" size="400" count="1">
      <row>
        <szLastUpdDttm>2016-10-24-12.01.04.104175</szLastUpdDttm>
        <szLastUpdOprId>akanksha.prerna</szLastUpdOprId>
        <szObjectOwnerId></szObjectOwnerId>
        <nUseCount>1</nUseCount>
        <bUseUpdate>1</bUseUpdate>
        <lVersion>608</lVersion>
        <lSwapVersion>0</lSwapVersion>
        <nSwapNum>0</nSwapNum>
        <szSqlId>AE100_SG    MAJ2    Step01  S</szSqlId>
        <szSqlType>1</szSqlType>
        <szLanguageCd>ENG</szLanguageCd>
        <bEnableEffDt>1</bEnableEffDt>
        <cEnableEffDt>Y</cEnableEffDt>
        <lStmtCount>1</lStmtCount>
        <lpStmtT> POINTER
          <rowset name="SrmStmt" size="124" count="1">
            <row>
              <szMarket>GBL</szMarket>
              <eDbType>32</eDbType>
              <cDbType> </cDbType>
              <szEffDt>1900-01-01</szEffDt>
              <szDescr></szDescr>
              <lSqlTextLen>7000</lSqlTextLen>
              <lpszSqlText> POINTER
                <rowset name="char" size="7000" count="1">
                  <row>
                    <lpszSqlText>INSERT /*+ APPEND */ INTO %Table(LEDG_ADBTAOSG) (PROCESS_INSTANCE ,BUSINESS_UNIT , LEDGER , ACCOUNT , ALTACCT , OPERATING_UNIT , DEPTID , PRODUCT , PROJECT_ID , AFFILIATE , CURRENCY_CD , STATISTICS_CODE , FISCAL_YEAR , ACCOUNTING_PERIOD , PERIOD_SEQUENCE , POSTED_TOTAL_AMT , POSTED_BASE_AMT , POSTED_TRAN_AMT , POSTED_TOTAL_EBAL , POSTED_BASE_EBAL , POSTED_TRAN_EBAL , POSTED_TOTAL_AGGR , POSTED_BASE_AGGR , POSTED_TRAN_AGGR , BASE_CURRENCY , NUMBER_OF_PERIODS , DTTM_STAMP_SEC , DESCR , PROCESS_INST_STG , FUND_CODE , CLASS_FLD , PROGRAM_CODE , BUDGET_REF , AFFILIATE_INTRA1 , AFFILIATE_INTRA2 , OBJECT_CODE , CHARTFIELD2 , CHARTFIELD3 , BOOK_CODE , GL_ADJUST_TYPE , RATE_MULT ,RATE_DIV ,CALENDAR_ID ,CALENDAR_DATE ,ACCOUNT_TYPE ,SOURCE_LEDGER ,ACCTING_PERIOD_GL ,CURRENCY_CD2 ,RATE_MULT_2 ,RATE_DIV_2 , POSTED_BASE_AMTSG ,POSTED_BASE_EBALSG ,POSTED_BASE_AGGRSG ,PROCESS_INSTANCE2) SELECT /*+ ordered full(S) PARALLEL(S,6) no_merge(PROC) use_hash(S PROC) no_merge(Z) */ %ProcessInstance ,S.BUSINESS_UNIT , S.LEDGER , S.ACCOUNT , S.ALTACCT , S.OPERATING_UNIT , S.DEPTID , S.PRODUCT , S.PROJECT_ID , S.AFFILIATE , S.CURRENCY_CD , S.STATISTICS_CODE , S.FISCAL_YEAR , S.ACCOUNTING_PERIOD , S.PERIOD_SEQUENCE , 0 , S.POSTED_BASE_AMT , S.POSTED_TRAN_AMT , 0 , S.POSTED_BASE_EBAL , S.POSTED_TRAN_EBAL , 0 , S.POSTED_BASE_AGGR , S.POSTED_TRAN_AGGR , S.BASE_CURRENCY , S.NUMBER_OF_PERIODS , S.DTTM_STAMP_SEC , S.DESCR , S.PROCESS_INSTANCE , S.FUND_CODE , S.CLASS_FLD , S.PROGRAM_CODE , S.BUDGET_REF , S.AFFILIATE_INTRA1 , S.AFFILIATE_INTRA2 , S.OBJECT_CODE , S.CHARTFIELD2 , S.CHARTFIELD3 , S.BOOK_CODE , S.GL_ADJUST_TYPE ,1 ,1 , Z.CALEN_ID /* LGT.calendar_id */ , Z.BEG_DT /* CDT.BEGIN_DT */ ,' ' ,%Bind(SOURCE_LEDGER) , Z.ACCT_PRD /*CDT2.ACCOUNTING_PERIOD */ ,%Bind(CURRENCY_CD2) ,1 ,1 ,S.POSTED_TRAN_AMT ,S.POSTED_TRAN_EBAL ,S.POSTED_TRAN_AGGR ,%Bind(PROCESS_INSTANCE) FROM ( SELECT DISTINCT PROCESS_INSTANCE FROM ( SELECT S.PROCESS_INSTANCE , ROWNUM FROM %Table(LEDG_PICT_TAO) S WHERE NOT EXISTS ( SELECT 1 FROM %Table(LEDG_PIC2_TAO) T2 WHERE T2.PROCESS_INSTANCE = S.PROCESS_INSTANCE AND T2.PROCESSINSTANCE = %Bind(PROCESS_INSTANCE) ) AND S.PROCESSINSTANCE = %Bind(PROCESS_INSTANCE) ) ) PROC , %Table(%Bind(SOURCE_RECNAME,NOQUOTES)) S , /* PS_BU_LED_TBL LT ,PS_BU_LED_GRP_TBL LGT ,PS_CAL_DETP_TBL CDT ,PS_BU_LED_TBL LT2 ,PS_BU_LED_GRP_TBL LGT2 ,PS_CAL_DETP_TBL CDT2 */ ( SELECT LGT.CALENDAR_ID AS CALEN_ID , CDT.BEGIN_DT AS BEG_DT , CDT2.ACCOUNTING_PERIOD AS ACCT_PRD , CDT.FISCAL_YEAR AS J_FISCAL_YEAR1 , CDT.ACCOUNTING_PERIOD AS J_ACCOUNTING_PERIOD , CDT2.FISCAL_YEAR AS J_FISCAL_YEAR2 , LT.LEDGER AS J_LEDGER FROM PS_BU_LED_GRP_TBL LGT , PS_CAL_DETP_TBL CDT , PS_CAL_DETP_TBL CDT2 , PS_BU_LED_GRP_TBL LGT2 , PS_BU_LED_TBL LT2 , PS_BU_LED_TBL LT WHERE LT.BUSINESS_UNIT = %Bind(BUSINESS_UNIT) AND LT.LEDGER = %Bind(TARGET_LEDGER) AND LGT.BUSINESS_UNIT = %Bind(BUSINESS_UNIT) AND LGT.LEDGER_GROUP = LT.LEDGER_GROUP AND CDT.SETID = 'SHARE' AND CDT.CALENDAR_ID = LGT.CALENDAR_ID AND CDT.BEGIN_DT BETWEEN CDT2.BEGIN_DT AND CDT2.END_DT AND CDT2.SETID = 'SHARE' AND CDT2.CALENDAR_ID = LGT2.CALENDAR_ID AND LGT2.BUSINESS_UNIT = %Bind(BUSINESS_UNIT) AND LGT2.LEDGER_GROUP = LT2.LEDGER_GROUP AND LT2.BUSINESS_UNIT = %Bind(BUSINESS_UNIT) AND LT2.LEDGER = %Bind(SOURCE_LEDGER) ) Z WHERE S.PROCESS_INSTANCE = PROC.PROCESS_INSTANCE AND S.LEDGER = %Bind(TARGET_LEDGER) AND S.FISCAL_YEAR = Z.J_FISCAL_YEAR1 AND S.ACCOUNTING_PERIOD = Z.J_ACCOUNTING_PERIOD AND S.LEDGER = Z.J_LEDGER AND S.FISCAL_YEAR = Z.J_FISCAL_YEAR2</lpszSqlText>
                  </row>
                </rowset>
              </lpszSqlText>
              <lDescrLongLen>0</lDescrLongLen>
              <lpszDescrLong>POINTER</lpszDescrLong>
              <nLangCount>0</nLangCount>
              <hLang>HANDLE</hLang>
            </row>
          </rowset>
        </lpStmtT>
        <nSqlTextCount>0</nSqlTextCount>
        <lpSqlText>POINTER</lpSqlText>
      </row>
    </rowset>
  </instance>
