<?xml version='1.0'?>
  <!--Warning : Don't edit this file -->
  <instance class="PJM">
    <rowset name="PjmDefn" size="2832" count="1">
      <row>
        <szLastUpdDttm>2016-02-22-14.07.44.981071</szLastUpdDttm>
        <szLastUpdOprId>ayoub.mokhtari</szLastUpdOprId>
        <szObjectOwnerID></szObjectOwnerID>
        <nUseCount>1</nUseCount>
        <bUseUpdate>1</bUseUpdate>
        <lVersion>1</lVersion>
        <lSwapVersion>0</lSwapVersion>
        <nSwapNum>0</nSwapNum>
        <szProjectName>SG_LOT1048</szProjectName>
        <szLanguageCd>ENG</szLanguageCd>
        <szProjectDescr>[SUP] PS_ME_PROCESSED_SG  Acti</szProjectDescr>
        <szSrcDBName>COEPRF01</szSrcDBName>
        <szSrcOprId>adil.louski</szSrcOprId>
        <szSessionId>8c3551af-c147-11e6-b8ea-eeb2d3a2c043</szSessionId>
        <szRunDtTm>2016-12-13-16.19.32.868265</szRunDtTm>
        <szTgtServerName></szTgtServerName>
        <szTgtDBName>COEPRD11</szTgtDBName>
        <szTgtOprId>ayoub.mokhtari</szTgtOprId>
        <fReportFilter>16775167</fReportFilter>
        <eTargetOrientation>0</eTargetOrientation>
        <eCompareType>1</eCompareType>
        <fKeepTgt>31</fKeepTgt>
        <nCommitLimit>50</nCommitLimit>
        <szCompRelease>Financials/SCM 8.90.00.000</szCompRelease>
        <szCompRelDttm></szCompRelDttm>
        <bMaintenanceProject>0</bMaintenanceProject>
        <bUseDbFieldNameAttrib>0</bUseDbFieldNameAttrib>
        <szReleaseLabel></szReleaseLabel>
        <szReleaseDttm></szReleaseDttm>
        <nDescrLongLen>204</nDescrLongLen>
        <hDescrLong> HANDLE
          <rowset name="char" size="204" count="1">
            <row>
              <hDescrLong>Author:Akanksha Prerna
SG_LOT1048
CO: 1478125
date: 01/27/2016
Changes: Change in SQL Definition..</hDescrLong>
            </row>
          </rowset>
        </hDescrLong>
        <nProjectCount>2</nProjectCount>
        <lpPit> POINTER
          <rowset name="PjmPit" size="1712" count="2">
            <row>
              <eObjectType>0</eObjectType>
              <szObjectValue_0>ME_PRCSAC_VW_SG</szObjectValue_0>
              <szObjectValue_1></szObjectValue_1>
              <szObjectValue_2></szObjectValue_2>
              <szObjectValue_3></szObjectValue_3>
              <eObjectID_0>1</eObjectID_0>
              <eObjectID_1>0</eObjectID_1>
              <eObjectID_2>0</eObjectID_2>
              <eObjectID_3>0</eObjectID_3>
              <bExecute>0</bExecute>
              <eSourceStatus>6</eSourceStatus>
              <eTargetStatus>6</eTargetStatus>
              <eUpgradeAction>2</eUpgradeAction>
              <bTakeAction>0</bTakeAction>
              <bCopyDone>0</bCopyDone>
              <eRowStatus>3</eRowStatus>
            </row>
            <row>
              <eObjectType>30</eObjectType>
              <szObjectValue_0>ME_PRCSAC_VW_SG</szObjectValue_0>
              <szObjectValue_1>2</szObjectValue_1>
              <szObjectValue_2></szObjectValue_2>
              <szObjectValue_3></szObjectValue_3>
              <eObjectID_0>65</eObjectID_0>
              <eObjectID_1>81</eObjectID_1>
              <eObjectID_2>0</eObjectID_2>
              <eObjectID_3>0</eObjectID_3>
              <bExecute>0</bExecute>
              <eSourceStatus>4</eSourceStatus>
              <eTargetStatus>4</eTargetStatus>
              <eUpgradeAction>0</eUpgradeAction>
              <bTakeAction>1</bTakeAction>
              <bCopyDone>0</bCopyDone>
              <eRowStatus>3</eRowStatus>
            </row>
          </rowset>
        </lpPit>
        <nAdsBindingCount>0</nAdsBindingCount>
        <pPrjAdsBinding>POINTER</pPrjAdsBinding>
        <bCopyAllSec>1</bCopyAllSec>
        <bCompAllSec>1</bCompAllSec>
        <nSecCount>70</nSecCount>
        <lpSec> POINTER
          <rowset name="PjmSec" size="1400" count="70">
            <row>
              <eProcessType>0</eProcessType>
              <szSectionName>COMMON</szSectionName>
            </row>
            <row>
              <eProcessType>0</eProcessType>
              <szSectionName>ARA</szSectionName>
            </row>
            <row>
              <eProcessType>0</eProcessType>
              <szSectionName>BUL</szSectionName>
            </row>
            <row>
              <eProcessType>0</eProcessType>
              <szSectionName>CFR</szSectionName>
            </row>
            <row>
              <eProcessType>0</eProcessType>
              <szSectionName>CRO</szSectionName>
            </row>
            <row>
              <eProcessType>0</eProcessType>
              <szSectionName>CZE</szSectionName>
            </row>
            <row>
              <eProcessType>0</eProcessType>
              <szSectionName>DAN</szSectionName>
            </row>
            <row>
              <eProcessType>0</eProcessType>
              <szSectionName>DUT</szSectionName>
            </row>
            <row>
              <eProcessType>0</eProcessType>
              <szSectionName>ENG</szSectionName>
            </row>
            <row>
              <eProcessType>0</eProcessType>
              <szSectionName>ESP</szSectionName>
            </row>
            <row>
              <eProcessType>0</eProcessType>
              <szSectionName>FIN</szSectionName>
            </row>
            <row>
              <eProcessType>0</eProcessType>
              <szSectionName>FRA</szSectionName>
            </row>
            <row>
              <eProcessType>0</eProcessType>
              <szSectionName>GER</szSectionName>
            </row>
            <row>
              <eProcessType>0</eProcessType>
              <szSectionName>GRK</szSectionName>
            </row>
            <row>
              <eProcessType>0</eProcessType>
              <szSectionName>HEB</szSectionName>
            </row>
            <row>
              <eProcessType>0</eProcessType>
              <szSectionName>HUN</szSectionName>
            </row>
            <row>
              <eProcessType>0</eProcessType>
              <szSectionName>ITA</szSectionName>
            </row>
            <row>
              <eProcessType>0</eProcessType>
              <szSectionName>JPN</szSectionName>
            </row>
            <row>
              <eProcessType>0</eProcessType>
              <szSectionName>KOR</szSectionName>
            </row>
            <row>
              <eProcessType>0</eProcessType>
              <szSectionName>MAY</szSectionName>
            </row>
            <row>
              <eProcessType>0</eProcessType>
              <szSectionName>NOR</szSectionName>
            </row>
            <row>
              <eProcessType>0</eProcessType>
              <szSectionName>POL</szSectionName>
            </row>
            <row>
              <eProcessType>0</eProcessType>
              <szSectionName>POR</szSectionName>
            </row>
            <row>
              <eProcessType>0</eProcessType>
              <szSectionName>ROM</szSectionName>
            </row>
            <row>
              <eProcessType>0</eProcessType>
              <szSectionName>RUS</szSectionName>
            </row>
            <row>
              <eProcessType>0</eProcessType>
              <szSectionName>SER</szSectionName>
            </row>
            <row>
              <eProcessType>0</eProcessType>
              <szSectionName>SLK</szSectionName>
            </row>
            <row>
              <eProcessType>0</eProcessType>
              <szSectionName>SLV</szSectionName>
            </row>
            <row>
              <eProcessType>0</eProcessType>
              <szSectionName>SVE</szSectionName>
            </row>
            <row>
              <eProcessType>0</eProcessType>
              <szSectionName>THA</szSectionName>
            </row>
            <row>
              <eProcessType>0</eProcessType>
              <szSectionName>TUR</szSectionName>
            </row>
            <row>
              <eProcessType>0</eProcessType>
              <szSectionName>UKE</szSectionName>
            </row>
            <row>
              <eProcessType>0</eProcessType>
              <szSectionName>VIE</szSectionName>
            </row>
            <row>
              <eProcessType>0</eProcessType>
              <szSectionName>ZHS</szSectionName>
            </row>
            <row>
              <eProcessType>0</eProcessType>
              <szSectionName>ZHT</szSectionName>
            </row>
            <row>
              <eProcessType>2</eProcessType>
              <szSectionName>COMMON</szSectionName>
            </row>
            <row>
              <eProcessType>2</eProcessType>
              <szSectionName>ARA</szSectionName>
            </row>
            <row>
              <eProcessType>2</eProcessType>
              <szSectionName>BUL</szSectionName>
            </row>
            <row>
              <eProcessType>2</eProcessType>
              <szSectionName>CFR</szSectionName>
            </row>
            <row>
              <eProcessType>2</eProcessType>
              <szSectionName>CRO</szSectionName>
            </row>
            <row>
              <eProcessType>2</eProcessType>
              <szSectionName>CZE</szSectionName>
            </row>
            <row>
              <eProcessType>2</eProcessType>
              <szSectionName>DAN</szSectionName>
            </row>
            <row>
              <eProcessType>2</eProcessType>
              <szSectionName>DUT</szSectionName>
            </row>
            <row>
              <eProcessType>2</eProcessType>
              <szSectionName>ENG</szSectionName>
            </row>
            <row>
              <eProcessType>2</eProcessType>
              <szSectionName>ESP</szSectionName>
            </row>
            <row>
              <eProcessType>2</eProcessType>
              <szSectionName>FIN</szSectionName>
            </row>
            <row>
              <eProcessType>2</eProcessType>
              <szSectionName>FRA</szSectionName>
            </row>
            <row>
              <eProcessType>2</eProcessType>
              <szSectionName>GER</szSectionName>
            </row>
            <row>
              <eProcessType>2</eProcessType>
              <szSectionName>GRK</szSectionName>
            </row>
            <row>
              <eProcessType>2</eProcessType>
              <szSectionName>HEB</szSectionName>
            </row>
            <row>
              <eProcessType>2</eProcessType>
              <szSectionName>HUN</szSectionName>
            </row>
            <row>
              <eProcessType>2</eProcessType>
              <szSectionName>ITA</szSectionName>
            </row>
            <row>
              <eProcessType>2</eProcessType>
              <szSectionName>JPN</szSectionName>
            </row>
            <row>
              <eProcessType>2</eProcessType>
              <szSectionName>KOR</szSectionName>
            </row>
            <row>
              <eProcessType>2</eProcessType>
              <szSectionName>MAY</szSectionName>
            </row>
            <row>
              <eProcessType>2</eProcessType>
              <szSectionName>NOR</szSectionName>
            </row>
            <row>
              <eProcessType>2</eProcessType>
              <szSectionName>POL</szSectionName>
            </row>
            <row>
              <eProcessType>2</eProcessType>
              <szSectionName>POR</szSectionName>
            </row>
            <row>
              <eProcessType>2</eProcessType>
              <szSectionName>ROM</szSectionName>
            </row>
            <row>
              <eProcessType>2</eProcessType>
              <szSectionName>RUS</szSectionName>
            </row>
            <row>
              <eProcessType>2</eProcessType>
              <szSectionName>SER</szSectionName>
            </row>
            <row>
              <eProcessType>2</eProcessType>
              <szSectionName>SLK</szSectionName>
            </row>
            <row>
              <eProcessType>2</eProcessType>
              <szSectionName>SLV</szSectionName>
            </row>
            <row>
              <eProcessType>2</eProcessType>
              <szSectionName>SVE</szSectionName>
            </row>
            <row>
              <eProcessType>2</eProcessType>
              <szSectionName>THA</szSectionName>
            </row>
            <row>
              <eProcessType>2</eProcessType>
              <szSectionName>TUR</szSectionName>
            </row>
            <row>
              <eProcessType>2</eProcessType>
              <szSectionName>UKE</szSectionName>
            </row>
            <row>
              <eProcessType>2</eProcessType>
              <szSectionName>VIE</szSectionName>
            </row>
            <row>
              <eProcessType>2</eProcessType>
              <szSectionName>ZHS</szSectionName>
            </row>
            <row>
              <eProcessType>2</eProcessType>
              <szSectionName>ZHT</szSectionName>
            </row>
          </rowset>
        </lpSec>
        <nIncCount>0</nIncCount>
        <lpInc>POINTER</lpInc>
        <nDepCount>0</nDepCount>
        <lpDep>POINTER</lpDep>
        <nLangCount>0</nLangCount>
        <hLang>HANDLE</hLang>
      </row>
    </rowset>
  </instance>
  <instance class="SRM">
    <rowset name="SrmDefn" size="432" count="1">
      <row>
        <szLastUpdDttm>2016-05-18-14.31.26.782210</szLastUpdDttm>
        <szLastUpdOprId>mahmoud.hebbache</szLastUpdOprId>
        <szObjectOwnerId></szObjectOwnerId>
        <nUseCount>1</nUseCount>
        <bUseUpdate>1</bUseUpdate>
        <lVersion>1</lVersion>
        <lSwapVersion>0</lSwapVersion>
        <nSwapNum>0</nSwapNum>
        <szSqlId>ME_PRCSAC_VW_SG</szSqlId>
        <szSqlType>2</szSqlType>
        <szLanguageCd>ENG</szLanguageCd>
        <bEnableEffDt>0</bEnableEffDt>
        <cEnableEffDt>N</cEnableEffDt>
        <lStmtCount>1</lStmtCount>
        <lpStmtT> POINTER
          <rowset name="SrmStmt" size="144" count="1">
            <row>
              <szMarket>GBL</szMarket>
              <eDbType>32</eDbType>
              <cDbType> </cDbType>
              <szEffDt>1900-01-01</szEffDt>
              <szDescr></szDescr>
              <lSqlTextLen>9318</lSqlTextLen>
              <lpszSqlText> POINTER
                <rowset name="char" size="9318" count="1">
                  <row>
                    <lpszSqlText>SELECT a.file_id_sg , a.rdj_file_id_sg , a.company_sg , a.source_appl_sg , a.source_data_sg , a.split_value_sg , a.split_total_num_sg , a.business_unit , a.sched_prcs_date_sg , a.filename , a.n_hdr , a.num_rows , a.n_sqlldr_ld_ln_sg , a.n_sqlldr_rej_ln_sg , a.n_jgen_dist_ln_sg , a.n_keys , a.n_recon_lines , a.PARALLEL_ID , a.journal_id_from , a.journal_id_to , a.journal_min_dt , a.journal_max_dt , a.sqlldr_status_sg , a.sqlldr_dttm_sg , a.sqlldr_duration_sg , a.load_status_sg , a.load_pi_sg , a.load_dttm_sg , a.load_duration_sg , a.edit_status_sg , a.edit_pi_sg , a.edit_dttm_sg , a.edit_duration_sg , a.edit_hdr_errors_sg , a.edit_ln_errors_sg , a.post_status_sg , a.post_pi_sg , a.post_dttm_sg , a.post_duration_sg , a.retry_status_sg , a.retry_file_id_sg , CASE WHEN b.part_load_activ_sg = 'Y' THEN 'INTRADAY' WHEN b.full_load_activ_sg = 'Y' THEN 'FULL_LOAD' END , b.business_unit_grp , CASE WHEN n_jgen_dist_ln_sg != -1 THEN n_jgen_dist_ln_sg WHEN n_sqlldr_ld_ln_sg != -1 THEN n_sqlldr_ld_ln_sg WHEN a.num_rows != -1 THEN a.num_rows ELSE NULL END &quot;Lines&quot; , CASE WHEN mfl.split_status_sg = 'D' THEN '[9] Splitted (Discarded)' WHEN mfl.split_status_sg = 'R' THEN '[2] Split Running' WHEN mfl.split_status_sg = 'P' THEN '[3] Split Pending' WHEN mfl.split_status_sg = 'E' THEN '[0] Split Error' WHEN a.split_value_sg = 'SPLITTED' THEN '[9] File Splitted' WHEN a.sqlldr_status_sg = 'D' THEN '[9] SQL*Loader Discarded' WHEN a.sqlldr_status_sg = 'R' THEN '[2] SQL*Loader Running' WHEN a.sqlldr_status_sg = 'P' THEN '[3] SQL*Loader Pending' WHEN a.sqlldr_status_sg = 'E' THEN '[0] SQL*Loader Error' WHEN a.sqlldr_status_sg = 'N' AND a.load_status_sg IN ('N') THEN '[4] File Queued' WHEN a.load_status_sg = 'D' THEN '[9] JGen Discarded' WHEN a.load_status_sg = 'R' THEN '[2] JGen Running' WHEN a.load_status_sg = 'P' THEN '[3] JGen Pending' WHEN a.load_status_sg = 'E' THEN '[0] JGen Error' WHEN a.load_status_sg = 'N' THEN '[4] JGen Queued' WHEN a.edit_status_sg = 'D' THEN '[9] Edit Discarded' WHEN a.edit_status_sg = 'R' THEN '[2] Edit Running' WHEN a.edit_status_sg = 'P' THEN '[3] Edit Pending' WHEN a.edit_status_sg = 'E' THEN '[0] Edit Error' WHEN a.edit_status_sg = 'N' THEN '[4] Edit Queued' WHEN a.post_status_sg = 'S' THEN '[5] Post Success' WHEN a.post_status_sg = 'D' THEN '[9] Post Discarded' WHEN a.post_status_sg = 'R' THEN '[2] Post Running' WHEN a.post_status_sg = 'P' THEN '[3] Post Pending' WHEN a.post_status_sg = 'E' THEN '[0] Post Error' WHEN a.post_status_sg = 'N' THEN '[4] Post Queued' ELSE 'Step Not Defined' END &quot;Step / Status&quot; , CASE WHEN mfl.split_status_sg = 'R' OR a.sqlldr_status_sg = 'R' OR a.load_status_sg = 'R' OR a.edit_status_sg = 'R' OR a.post_status_sg = 'R' THEN REPLACE (a.PARALLEL_ID , 'RUN' , 'Thread') ELSE NULL END &quot;#Thread&quot; , TO_CHAR (mfl.next_analyze_sg , 'DD/MM HH24:MI') &quot;Next Scan&quot; , CASE WHEN NVL (sqlldr_duration_sg , -1) != -1 THEN sqlldr_duration_sg WHEN sqlldr_dttm_sg IS NOT NULL THEN ROUND ((SYSDATE - CAST(sqlldr_dttm_sg AS DATE)) * 1440 , 2) ELSE NULL END AS &quot;Loader&quot; , CASE WHEN NVL (load_duration_sg , -1) != -1 THEN load_duration_sg WHEN load_dttm_sg IS NOT NULL THEN ROUND ((SYSDATE - CAST(load_dttm_sg AS DATE)) * 1440 , 2) ELSE NULL END AS &quot;JGen&quot; , CASE WHEN NVL (edit_duration_sg , -1) != -1 THEN edit_duration_sg WHEN edit_dttm_sg IS NOT NULL THEN ROUND ((SYSDATE - CAST(edit_dttm_sg AS DATE)) * 1440 , 2) ELSE NULL END &quot;Edit&quot; , CASE WHEN NVL (post_duration_sg , -1) != -1 THEN post_duration_sg WHEN post_dttm_sg IS NOT NULL THEN ROUND ((SYSDATE - CAST(post_dttm_sg AS DATE)) * 1440 , 2) ELSE NULL END &quot;Post&quot; , CASE WHEN n_jgen_dist_ln_sg &gt; 0 THEN ROUND ( n_jgen_dist_ln_sg / ( NVL (ABS (sqlldr_duration_sg) , 0.1) + NVL (ABS (load_duration_sg) , 0.1) + NVL (ABS (edit_duration_sg) , 0.1) ) , 0 ) ELSE NULL END AS &quot;Rate&quot; , CASE WHEN n_sqlldr_rej_ln_sg NOT IN (-1 , 0) THEN 'ERR&gt; SQL*Ldr : ' || n_sqlldr_rej_ln_sg WHEN n_sqlldr_ld_ln_sg - (DECODE (n_jgen_dist_ln_sg , -1 , n_sqlldr_ld_ln_sg , n_jgen_dist_ln_sg ) ) &gt; 0 THEN 'ERR&gt; JGen : ' || TO_CHAR (n_sqlldr_ld_ln_sg - n_jgen_dist_ln_sg) WHEN edit_hdr_errors_sg = 0 THEN 'No Errors' WHEN edit_hdr_errors_sg &gt; 0 THEN 'ERR&gt; Edit : ' || edit_hdr_errors_sg || ' Hd/' || edit_ln_errors_sg || ' Ln' ELSE NULL END AS &quot;Message&quot; , CASE WHEN journal_id_from != ' ' THEN journal_id_from || ' to ' || journal_id_to ELSE NULL END AS &quot;Journal Id.&quot; FROM PS_ME_PROCESSED_SG a , PS_ME_BU_STATUS_SG b , PS_ME_RF_BU_GRP_SG e , PS_ME_FILE_LOAD_SG mfl WHERE a.business_unit = e.business_unit AND b.business_unit_grp = e.business_unit_grp AND a.file_id_sg = mfl.file_id_sg AND a.business_unit = mfl.business_unit AND a.sched_prcs_date_sg = b.sched_prcs_date_sg</lpszSqlText>
                  </row>
                </rowset>
              </lpszSqlText>
              <lDescrLongLen>0</lDescrLongLen>
              <lpszDescrLong>POINTER</lpszDescrLong>
              <nLangCount>0</nLangCount>
              <hLang>HANDLE</hLang>
            </row>
          </rowset>
        </lpStmtT>
        <nSqlTextCount>0</nSqlTextCount>
        <lpSqlText>POINTER</lpSqlText>
      </row>
    </rowset>
  </instance>
