<?xml version='1.0'?>
  <!--Warning : Don't edit this file -->
  <instance class="PJM">
    <rowset name="PjmDefn" size="2832" count="1">
      <row>
        <szLastUpdDttm>2016-04-13-13.30.01.787314</szLastUpdDttm>
        <szLastUpdOprId>prerana.prasad</szLastUpdOprId>
        <szObjectOwnerID></szObjectOwnerID>
        <nUseCount>1</nUseCount>
        <bUseUpdate>1</bUseUpdate>
        <lVersion>23</lVersion>
        <lSwapVersion>0</lSwapVersion>
        <nSwapNum>0</nSwapNum>
        <szProjectName>SG_LOT1058</szProjectName>
        <szLanguageCd>ENG</szLanguageCd>
        <szProjectDescr>Def Label Of Object_Code_To_SG</szProjectDescr>
        <szSrcDBName>COEPRF01</szSrcDBName>
        <szSrcOprId>adil.louski</szSrcOprId>
        <szSessionId>eede3390-c147-11e6-b8ea-eeb2d3a2c043</szSessionId>
        <szRunDtTm>2016-12-13-16.22.17.868788</szRunDtTm>
        <szTgtServerName></szTgtServerName>
        <szTgtDBName></szTgtDBName>
        <szTgtOprId></szTgtOprId>
        <fReportFilter>16232832</fReportFilter>
        <eTargetOrientation>0</eTargetOrientation>
        <eCompareType>1</eCompareType>
        <fKeepTgt>31</fKeepTgt>
        <nCommitLimit>150</nCommitLimit>
        <szCompRelease></szCompRelease>
        <szCompRelDttm></szCompRelDttm>
        <bMaintenanceProject>0</bMaintenanceProject>
        <bUseDbFieldNameAttrib>0</bUseDbFieldNameAttrib>
        <szReleaseLabel></szReleaseLabel>
        <szReleaseDttm></szReleaseDttm>
        <nDescrLongLen>300</nDescrLongLen>
        <hDescrLong> HANDLE
          <rowset name="char" size="300" count="1">
            <row>
              <hDescrLong>Author: Prerana Prasad
SG_LOT1058
JIRA ID: GLTES-143
date: 13/04/2016
Changes: Updating the default label of Object_Code_To_SG to &quot;Object code to&quot;</hDescrLong>
            </row>
          </rowset>
        </hDescrLong>
        <nProjectCount>3</nProjectCount>
        <lpPit> POINTER
          <rowset name="PjmPit" size="2568" count="3">
            <row>
              <eObjectType>2</eObjectType>
              <szObjectValue_0>OBJECT_CODE_TO_SG</szObjectValue_0>
              <szObjectValue_1></szObjectValue_1>
              <szObjectValue_2></szObjectValue_2>
              <szObjectValue_3></szObjectValue_3>
              <eObjectID_0>6</eObjectID_0>
              <eObjectID_1>0</eObjectID_1>
              <eObjectID_2>0</eObjectID_2>
              <eObjectID_3>0</eObjectID_3>
              <bExecute>0</bExecute>
              <eSourceStatus>0</eSourceStatus>
              <eTargetStatus>0</eTargetStatus>
              <eUpgradeAction>3</eUpgradeAction>
              <bTakeAction>1</bTakeAction>
              <bCopyDone>1</bCopyDone>
              <eRowStatus>3</eRowStatus>
            </row>
            <row>
              <eObjectType>2</eObjectType>
              <szObjectValue_0>OBJECT_CODE_TO_SG</szObjectValue_0>
              <szObjectValue_1>CHARTFIELD1</szObjectValue_1>
              <szObjectValue_2></szObjectValue_2>
              <szObjectValue_3></szObjectValue_3>
              <eObjectID_0>6</eObjectID_0>
              <eObjectID_1>102</eObjectID_1>
              <eObjectID_2>0</eObjectID_2>
              <eObjectID_3>0</eObjectID_3>
              <bExecute>0</bExecute>
              <eSourceStatus>0</eSourceStatus>
              <eTargetStatus>0</eTargetStatus>
              <eUpgradeAction>0</eUpgradeAction>
              <bTakeAction>1</bTakeAction>
              <bCopyDone>1</bCopyDone>
              <eRowStatus>3</eRowStatus>
            </row>
            <row>
              <eObjectType>2</eObjectType>
              <szObjectValue_0>OBJECT_CODE_TO_SG</szObjectValue_0>
              <szObjectValue_1>CHARTFIELD2</szObjectValue_1>
              <szObjectValue_2></szObjectValue_2>
              <szObjectValue_3></szObjectValue_3>
              <eObjectID_0>6</eObjectID_0>
              <eObjectID_1>102</eObjectID_1>
              <eObjectID_2>0</eObjectID_2>
              <eObjectID_3>0</eObjectID_3>
              <bExecute>0</bExecute>
              <eSourceStatus>0</eSourceStatus>
              <eTargetStatus>0</eTargetStatus>
              <eUpgradeAction>0</eUpgradeAction>
              <bTakeAction>1</bTakeAction>
              <bCopyDone>1</bCopyDone>
              <eRowStatus>3</eRowStatus>
            </row>
          </rowset>
        </lpPit>
        <nAdsBindingCount>0</nAdsBindingCount>
        <pPrjAdsBinding>POINTER</pPrjAdsBinding>
        <bCopyAllSec>1</bCopyAllSec>
        <bCompAllSec>1</bCompAllSec>
        <nSecCount>70</nSecCount>
        <lpSec> POINTER
          <rowset name="PjmSec" size="1400" count="70">
            <row>
              <eProcessType>0</eProcessType>
              <szSectionName>COMMON</szSectionName>
            </row>
            <row>
              <eProcessType>0</eProcessType>
              <szSectionName>ARA</szSectionName>
            </row>
            <row>
              <eProcessType>0</eProcessType>
              <szSectionName>BUL</szSectionName>
            </row>
            <row>
              <eProcessType>0</eProcessType>
              <szSectionName>CFR</szSectionName>
            </row>
            <row>
              <eProcessType>0</eProcessType>
              <szSectionName>CRO</szSectionName>
            </row>
            <row>
              <eProcessType>0</eProcessType>
              <szSectionName>CZE</szSectionName>
            </row>
            <row>
              <eProcessType>0</eProcessType>
              <szSectionName>DAN</szSectionName>
            </row>
            <row>
              <eProcessType>0</eProcessType>
              <szSectionName>DUT</szSectionName>
            </row>
            <row>
              <eProcessType>0</eProcessType>
              <szSectionName>ENG</szSectionName>
            </row>
            <row>
              <eProcessType>0</eProcessType>
              <szSectionName>ESP</szSectionName>
            </row>
            <row>
              <eProcessType>0</eProcessType>
              <szSectionName>FIN</szSectionName>
            </row>
            <row>
              <eProcessType>0</eProcessType>
              <szSectionName>FRA</szSectionName>
            </row>
            <row>
              <eProcessType>0</eProcessType>
              <szSectionName>GER</szSectionName>
            </row>
            <row>
              <eProcessType>0</eProcessType>
              <szSectionName>GRK</szSectionName>
            </row>
            <row>
              <eProcessType>0</eProcessType>
              <szSectionName>HEB</szSectionName>
            </row>
            <row>
              <eProcessType>0</eProcessType>
              <szSectionName>HUN</szSectionName>
            </row>
            <row>
              <eProcessType>0</eProcessType>
              <szSectionName>ITA</szSectionName>
            </row>
            <row>
              <eProcessType>0</eProcessType>
              <szSectionName>JPN</szSectionName>
            </row>
            <row>
              <eProcessType>0</eProcessType>
              <szSectionName>KOR</szSectionName>
            </row>
            <row>
              <eProcessType>0</eProcessType>
              <szSectionName>MAY</szSectionName>
            </row>
            <row>
              <eProcessType>0</eProcessType>
              <szSectionName>NOR</szSectionName>
            </row>
            <row>
              <eProcessType>0</eProcessType>
              <szSectionName>POL</szSectionName>
            </row>
            <row>
              <eProcessType>0</eProcessType>
              <szSectionName>POR</szSectionName>
            </row>
            <row>
              <eProcessType>0</eProcessType>
              <szSectionName>ROM</szSectionName>
            </row>
            <row>
              <eProcessType>0</eProcessType>
              <szSectionName>RUS</szSectionName>
            </row>
            <row>
              <eProcessType>0</eProcessType>
              <szSectionName>SER</szSectionName>
            </row>
            <row>
              <eProcessType>0</eProcessType>
              <szSectionName>SLK</szSectionName>
            </row>
            <row>
              <eProcessType>0</eProcessType>
              <szSectionName>SLV</szSectionName>
            </row>
            <row>
              <eProcessType>0</eProcessType>
              <szSectionName>SVE</szSectionName>
            </row>
            <row>
              <eProcessType>0</eProcessType>
              <szSectionName>THA</szSectionName>
            </row>
            <row>
              <eProcessType>0</eProcessType>
              <szSectionName>TUR</szSectionName>
            </row>
            <row>
              <eProcessType>0</eProcessType>
              <szSectionName>UKE</szSectionName>
            </row>
            <row>
              <eProcessType>0</eProcessType>
              <szSectionName>VIE</szSectionName>
            </row>
            <row>
              <eProcessType>0</eProcessType>
              <szSectionName>ZHS</szSectionName>
            </row>
            <row>
              <eProcessType>0</eProcessType>
              <szSectionName>ZHT</szSectionName>
            </row>
            <row>
              <eProcessType>2</eProcessType>
              <szSectionName>COMMON</szSectionName>
            </row>
            <row>
              <eProcessType>2</eProcessType>
              <szSectionName>ARA</szSectionName>
            </row>
            <row>
              <eProcessType>2</eProcessType>
              <szSectionName>BUL</szSectionName>
            </row>
            <row>
              <eProcessType>2</eProcessType>
              <szSectionName>CFR</szSectionName>
            </row>
            <row>
              <eProcessType>2</eProcessType>
              <szSectionName>CRO</szSectionName>
            </row>
            <row>
              <eProcessType>2</eProcessType>
              <szSectionName>CZE</szSectionName>
            </row>
            <row>
              <eProcessType>2</eProcessType>
              <szSectionName>DAN</szSectionName>
            </row>
            <row>
              <eProcessType>2</eProcessType>
              <szSectionName>DUT</szSectionName>
            </row>
            <row>
              <eProcessType>2</eProcessType>
              <szSectionName>ENG</szSectionName>
            </row>
            <row>
              <eProcessType>2</eProcessType>
              <szSectionName>ESP</szSectionName>
            </row>
            <row>
              <eProcessType>2</eProcessType>
              <szSectionName>FIN</szSectionName>
            </row>
            <row>
              <eProcessType>2</eProcessType>
              <szSectionName>FRA</szSectionName>
            </row>
            <row>
              <eProcessType>2</eProcessType>
              <szSectionName>GER</szSectionName>
            </row>
            <row>
              <eProcessType>2</eProcessType>
              <szSectionName>GRK</szSectionName>
            </row>
            <row>
              <eProcessType>2</eProcessType>
              <szSectionName>HEB</szSectionName>
            </row>
            <row>
              <eProcessType>2</eProcessType>
              <szSectionName>HUN</szSectionName>
            </row>
            <row>
              <eProcessType>2</eProcessType>
              <szSectionName>ITA</szSectionName>
            </row>
            <row>
              <eProcessType>2</eProcessType>
              <szSectionName>JPN</szSectionName>
            </row>
            <row>
              <eProcessType>2</eProcessType>
              <szSectionName>KOR</szSectionName>
            </row>
            <row>
              <eProcessType>2</eProcessType>
              <szSectionName>MAY</szSectionName>
            </row>
            <row>
              <eProcessType>2</eProcessType>
              <szSectionName>NOR</szSectionName>
            </row>
            <row>
              <eProcessType>2</eProcessType>
              <szSectionName>POL</szSectionName>
            </row>
            <row>
              <eProcessType>2</eProcessType>
              <szSectionName>POR</szSectionName>
            </row>
            <row>
              <eProcessType>2</eProcessType>
              <szSectionName>ROM</szSectionName>
            </row>
            <row>
              <eProcessType>2</eProcessType>
              <szSectionName>RUS</szSectionName>
            </row>
            <row>
              <eProcessType>2</eProcessType>
              <szSectionName>SER</szSectionName>
            </row>
            <row>
              <eProcessType>2</eProcessType>
              <szSectionName>SLK</szSectionName>
            </row>
            <row>
              <eProcessType>2</eProcessType>
              <szSectionName>SLV</szSectionName>
            </row>
            <row>
              <eProcessType>2</eProcessType>
              <szSectionName>SVE</szSectionName>
            </row>
            <row>
              <eProcessType>2</eProcessType>
              <szSectionName>THA</szSectionName>
            </row>
            <row>
              <eProcessType>2</eProcessType>
              <szSectionName>TUR</szSectionName>
            </row>
            <row>
              <eProcessType>2</eProcessType>
              <szSectionName>UKE</szSectionName>
            </row>
            <row>
              <eProcessType>2</eProcessType>
              <szSectionName>VIE</szSectionName>
            </row>
            <row>
              <eProcessType>2</eProcessType>
              <szSectionName>ZHS</szSectionName>
            </row>
            <row>
              <eProcessType>2</eProcessType>
              <szSectionName>ZHT</szSectionName>
            </row>
          </rowset>
        </lpSec>
        <nIncCount>0</nIncCount>
        <lpInc>POINTER</lpInc>
        <nDepCount>0</nDepCount>
        <lpDep>POINTER</lpDep>
        <nLangCount>0</nLangCount>
        <hLang>HANDLE</hLang>
      </row>
    </rowset>
  </instance>
  <instance class="FIELD">
    <rowset name="Field" size="936" count="1">
      <row>
        <szLastUpdDttm>2016-07-20-14.08.17.576116</szLastUpdDttm>
        <szLastUpdOprId>prerana.prasad</szLastUpdOprId>
        <szObjectOwnerID>FGL</szObjectOwnerID>
        <nUseCount>1</nUseCount>
        <bUseUpdate>1</bUseUpdate>
        <lVersion>6</lVersion>
        <lSwapVersion>0</lSwapVersion>
        <nSwapNum>0</nSwapNum>
        <szFieldName>OBJECT_CODE_TO_SG</szFieldName>
        <szLanguageCd>ENG</szLanguageCd>
        <eFieldType>0</eFieldType>
        <nLength>15</nLength>
        <nDecimalPos>0</nDecimalPos>
        <eFormat>0</eFormat>
        <nFormatLength>15</nFormatLength>
        <eImgFmt>0</eImgFmt>
        <szFormatFamily></szFormatFamily>
        <szDispFmtName></szDispFmtName>
        <nDefCntryYr>50</nDefCntryYr>
        <nIMEMode>0</nIMEMode>
        <nKeyboardLayout>0</nKeyboardLayout>
        <nNotUsed>0</nNotUsed>
        <fAuxFlagMask>1</fAuxFlagMask>
        <nDescrLongLen>506</nDescrLongLen>
        <hDescrLong> HANDLE
          <rowset name="char" size="506" count="1">
            <row>
              <hDescrLong>Use in Migration Soldes &amp; Suspens

----------------------------------------------------------------------------
Author: Prerana Prasad
CO Number:GLTES-143
Date: 13/04/2016
CO Description: [CAB 2016-Q2] Solde and suspend migration on BDR update key</hDescrLong>
            </row>
          </rowset>
        </hDescrLong>
        <nLabelCount>2</nLabelCount>
        <hDBFldLabel> HANDLE
          <rowset name="DBFldLabel" size="528" count="2">
            <row>
              <szLabelID>CHARTFIELD2</szLabelID>
              <szLongName>Object code to</szLongName>
              <szShortName>Object code to</szShortName>
              <bIsDefault>1</bIsDefault>
              <szLastUpdDttm>2016-07-20-14.08.17.576116</szLastUpdDttm>
              <szLastUpdOprId>prerana.prasad</szLastUpdOprId>
              <nLangCount>0</nLangCount>
              <hLang>HANDLE</hLang>
            </row>
            <row>
              <szLabelID>CHARTFIELD1</szLabelID>
              <szLongName>Object Code</szLongName>
              <szShortName>Object Code</szShortName>
              <bIsDefault>0</bIsDefault>
              <szLastUpdDttm>2016-07-20-14.08.17.576116</szLastUpdDttm>
              <szLastUpdOprId>prerana.prasad</szLastUpdOprId>
              <nLangCount>0</nLangCount>
              <hLang>HANDLE</hLang>
            </row>
          </rowset>
        </hDBFldLabel>
        <szDefRecName></szDefRecName>
        <szDefFieldName></szDefFieldName>
        <szCurCtlFieldName></szCurCtlFieldName>
        <fUseEdit>0</fUseEdit>
        <fUseEdit2>0</fUseEdit2>
        <szEditTable></szEditTable>
        <nDefGUICtl>0</nDefGUICtl>
        <szSetCntrlFld></szSetCntrlFld>
        <szLabelID>CHARTFIELD2</szLabelID>
        <nTimeZoneUse>0</nTimeZoneUse>
        <szTimeZoneFieldName></szTimeZoneFieldName>
        <nCurrencyCtlUse>0</nCurrencyCtlUse>
        <szLongName>Object code to</szLongName>
        <szShortName>Object code to</szShortName>
        <fStatus>0</fStatus>
        <nLangCount>0</nLangCount>
        <hLang>HANDLE</hLang>
        <nContextLabelCount>0</nContextLabelCount>
        <hDBFldContextLabel>HANDLE</hDBFldContextLabel>
      </row>
    </rowset>
  </instance>
