<?xml version='1.0'?>
  <!--Warning : Don't edit this file -->
  <instance class="PJM">
    <rowset name="PjmDefn" size="2832" count="1">
      <row>
        <szLastUpdDttm>2015-01-27-16.32.38.911293</szLastUpdDttm>
        <szLastUpdOprId>abdelrhani.belhajbouih</szLastUpdOprId>
        <szObjectOwnerID></szObjectOwnerID>
        <nUseCount>1</nUseCount>
        <bUseUpdate>1</bUseUpdate>
        <lVersion>1</lVersion>
        <lSwapVersion>0</lSwapVersion>
        <nSwapNum>0</nSwapNum>
        <szProjectName>SG_LOT1003</szProjectName>
        <szLanguageCd>ENG</szLanguageCd>
        <szProjectDescr>INDIV_I4604 Tree</szProjectDescr>
        <szSrcDBName>COEPRF01</szSrcDBName>
        <szSrcOprId>adil.louski</szSrcOprId>
        <szSessionId>0aaeaacd-c120-11e6-b327-86c172a473ba</szSessionId>
        <szRunDtTm>2016-12-13-11.36.44.611823</szRunDtTm>
        <szTgtServerName></szTgtServerName>
        <szTgtDBName>COEPRD00</szTgtDBName>
        <szTgtOprId>georges-emmanuel.chevon</szTgtOprId>
        <fReportFilter>16232832</fReportFilter>
        <eTargetOrientation>0</eTargetOrientation>
        <eCompareType>1</eCompareType>
        <fKeepTgt>31</fKeepTgt>
        <nCommitLimit>50</nCommitLimit>
        <szCompRelease></szCompRelease>
        <szCompRelDttm></szCompRelDttm>
        <bMaintenanceProject>0</bMaintenanceProject>
        <bUseDbFieldNameAttrib>0</bUseDbFieldNameAttrib>
        <szReleaseLabel></szReleaseLabel>
        <szReleaseDttm></szReleaseDttm>
        <nDescrLongLen>336</nDescrLongLen>
        <hDescrLong> HANDLE
          <rowset name="char" size="336" count="1">
            <row>
              <hDescrLong>CO1280796 [Firebird] Setup of SGSS Luxembourg entity (G4604)
Desc : To create the INDIV tree for the INDIV BU I4604
Date : 26-NOV-2014
Developer : Chethan Krishnappa</hDescrLong>
            </row>
          </rowset>
        </hDescrLong>
        <nProjectCount>1</nProjectCount>
        <lpPit> POINTER
          <rowset name="PjmPit" size="856" count="1">
            <row>
              <eObjectType>12</eObjectType>
              <szObjectValue_0>I4604</szObjectValue_0>
              <szObjectValue_1></szObjectValue_1>
              <szObjectValue_2>INDIV_I4604</szObjectValue_2>
              <szObjectValue_3>1900-01-01</szObjectValue_3>
              <eObjectID_0>34</eObjectID_0>
              <eObjectID_1>68</eObjectID_1>
              <eObjectID_2>36</eObjectID_2>
              <eObjectID_3>21</eObjectID_3>
              <bExecute>0</bExecute>
              <eSourceStatus>0</eSourceStatus>
              <eTargetStatus>0</eTargetStatus>
              <eUpgradeAction>0</eUpgradeAction>
              <bTakeAction>1</bTakeAction>
              <bCopyDone>0</bCopyDone>
              <eRowStatus>3</eRowStatus>
            </row>
          </rowset>
        </lpPit>
        <nAdsBindingCount>0</nAdsBindingCount>
        <pPrjAdsBinding>POINTER</pPrjAdsBinding>
        <bCopyAllSec>1</bCopyAllSec>
        <bCompAllSec>1</bCompAllSec>
        <nSecCount>70</nSecCount>
        <lpSec> POINTER
          <rowset name="PjmSec" size="1400" count="70">
            <row>
              <eProcessType>0</eProcessType>
              <szSectionName>COMMON</szSectionName>
            </row>
            <row>
              <eProcessType>0</eProcessType>
              <szSectionName>ARA</szSectionName>
            </row>
            <row>
              <eProcessType>0</eProcessType>
              <szSectionName>BUL</szSectionName>
            </row>
            <row>
              <eProcessType>0</eProcessType>
              <szSectionName>CFR</szSectionName>
            </row>
            <row>
              <eProcessType>0</eProcessType>
              <szSectionName>CRO</szSectionName>
            </row>
            <row>
              <eProcessType>0</eProcessType>
              <szSectionName>CZE</szSectionName>
            </row>
            <row>
              <eProcessType>0</eProcessType>
              <szSectionName>DAN</szSectionName>
            </row>
            <row>
              <eProcessType>0</eProcessType>
              <szSectionName>DUT</szSectionName>
            </row>
            <row>
              <eProcessType>0</eProcessType>
              <szSectionName>ENG</szSectionName>
            </row>
            <row>
              <eProcessType>0</eProcessType>
              <szSectionName>ESP</szSectionName>
            </row>
            <row>
              <eProcessType>0</eProcessType>
              <szSectionName>FIN</szSectionName>
            </row>
            <row>
              <eProcessType>0</eProcessType>
              <szSectionName>FRA</szSectionName>
            </row>
            <row>
              <eProcessType>0</eProcessType>
              <szSectionName>GER</szSectionName>
            </row>
            <row>
              <eProcessType>0</eProcessType>
              <szSectionName>GRK</szSectionName>
            </row>
            <row>
              <eProcessType>0</eProcessType>
              <szSectionName>HEB</szSectionName>
            </row>
            <row>
              <eProcessType>0</eProcessType>
              <szSectionName>HUN</szSectionName>
            </row>
            <row>
              <eProcessType>0</eProcessType>
              <szSectionName>ITA</szSectionName>
            </row>
            <row>
              <eProcessType>0</eProcessType>
              <szSectionName>JPN</szSectionName>
            </row>
            <row>
              <eProcessType>0</eProcessType>
              <szSectionName>KOR</szSectionName>
            </row>
            <row>
              <eProcessType>0</eProcessType>
              <szSectionName>MAY</szSectionName>
            </row>
            <row>
              <eProcessType>0</eProcessType>
              <szSectionName>NOR</szSectionName>
            </row>
            <row>
              <eProcessType>0</eProcessType>
              <szSectionName>POL</szSectionName>
            </row>
            <row>
              <eProcessType>0</eProcessType>
              <szSectionName>POR</szSectionName>
            </row>
            <row>
              <eProcessType>0</eProcessType>
              <szSectionName>ROM</szSectionName>
            </row>
            <row>
              <eProcessType>0</eProcessType>
              <szSectionName>RUS</szSectionName>
            </row>
            <row>
              <eProcessType>0</eProcessType>
              <szSectionName>SER</szSectionName>
            </row>
            <row>
              <eProcessType>0</eProcessType>
              <szSectionName>SLK</szSectionName>
            </row>
            <row>
              <eProcessType>0</eProcessType>
              <szSectionName>SLV</szSectionName>
            </row>
            <row>
              <eProcessType>0</eProcessType>
              <szSectionName>SVE</szSectionName>
            </row>
            <row>
              <eProcessType>0</eProcessType>
              <szSectionName>THA</szSectionName>
            </row>
            <row>
              <eProcessType>0</eProcessType>
              <szSectionName>TUR</szSectionName>
            </row>
            <row>
              <eProcessType>0</eProcessType>
              <szSectionName>UKE</szSectionName>
            </row>
            <row>
              <eProcessType>0</eProcessType>
              <szSectionName>VIE</szSectionName>
            </row>
            <row>
              <eProcessType>0</eProcessType>
              <szSectionName>ZHS</szSectionName>
            </row>
            <row>
              <eProcessType>0</eProcessType>
              <szSectionName>ZHT</szSectionName>
            </row>
            <row>
              <eProcessType>2</eProcessType>
              <szSectionName>COMMON</szSectionName>
            </row>
            <row>
              <eProcessType>2</eProcessType>
              <szSectionName>ARA</szSectionName>
            </row>
            <row>
              <eProcessType>2</eProcessType>
              <szSectionName>BUL</szSectionName>
            </row>
            <row>
              <eProcessType>2</eProcessType>
              <szSectionName>CFR</szSectionName>
            </row>
            <row>
              <eProcessType>2</eProcessType>
              <szSectionName>CRO</szSectionName>
            </row>
            <row>
              <eProcessType>2</eProcessType>
              <szSectionName>CZE</szSectionName>
            </row>
            <row>
              <eProcessType>2</eProcessType>
              <szSectionName>DAN</szSectionName>
            </row>
            <row>
              <eProcessType>2</eProcessType>
              <szSectionName>DUT</szSectionName>
            </row>
            <row>
              <eProcessType>2</eProcessType>
              <szSectionName>ENG</szSectionName>
            </row>
            <row>
              <eProcessType>2</eProcessType>
              <szSectionName>ESP</szSectionName>
            </row>
            <row>
              <eProcessType>2</eProcessType>
              <szSectionName>FIN</szSectionName>
            </row>
            <row>
              <eProcessType>2</eProcessType>
              <szSectionName>FRA</szSectionName>
            </row>
            <row>
              <eProcessType>2</eProcessType>
              <szSectionName>GER</szSectionName>
            </row>
            <row>
              <eProcessType>2</eProcessType>
              <szSectionName>GRK</szSectionName>
            </row>
            <row>
              <eProcessType>2</eProcessType>
              <szSectionName>HEB</szSectionName>
            </row>
            <row>
              <eProcessType>2</eProcessType>
              <szSectionName>HUN</szSectionName>
            </row>
            <row>
              <eProcessType>2</eProcessType>
              <szSectionName>ITA</szSectionName>
            </row>
            <row>
              <eProcessType>2</eProcessType>
              <szSectionName>JPN</szSectionName>
            </row>
            <row>
              <eProcessType>2</eProcessType>
              <szSectionName>KOR</szSectionName>
            </row>
            <row>
              <eProcessType>2</eProcessType>
              <szSectionName>MAY</szSectionName>
            </row>
            <row>
              <eProcessType>2</eProcessType>
              <szSectionName>NOR</szSectionName>
            </row>
            <row>
              <eProcessType>2</eProcessType>
              <szSectionName>POL</szSectionName>
            </row>
            <row>
              <eProcessType>2</eProcessType>
              <szSectionName>POR</szSectionName>
            </row>
            <row>
              <eProcessType>2</eProcessType>
              <szSectionName>ROM</szSectionName>
            </row>
            <row>
              <eProcessType>2</eProcessType>
              <szSectionName>RUS</szSectionName>
            </row>
            <row>
              <eProcessType>2</eProcessType>
              <szSectionName>SER</szSectionName>
            </row>
            <row>
              <eProcessType>2</eProcessType>
              <szSectionName>SLK</szSectionName>
            </row>
            <row>
              <eProcessType>2</eProcessType>
              <szSectionName>SLV</szSectionName>
            </row>
            <row>
              <eProcessType>2</eProcessType>
              <szSectionName>SVE</szSectionName>
            </row>
            <row>
              <eProcessType>2</eProcessType>
              <szSectionName>THA</szSectionName>
            </row>
            <row>
              <eProcessType>2</eProcessType>
              <szSectionName>TUR</szSectionName>
            </row>
            <row>
              <eProcessType>2</eProcessType>
              <szSectionName>UKE</szSectionName>
            </row>
            <row>
              <eProcessType>2</eProcessType>
              <szSectionName>VIE</szSectionName>
            </row>
            <row>
              <eProcessType>2</eProcessType>
              <szSectionName>ZHS</szSectionName>
            </row>
            <row>
              <eProcessType>2</eProcessType>
              <szSectionName>ZHT</szSectionName>
            </row>
          </rowset>
        </lpSec>
        <nIncCount>0</nIncCount>
        <lpInc>POINTER</lpInc>
        <nDepCount>0</nDepCount>
        <lpDep>POINTER</lpDep>
        <nLangCount>0</nLangCount>
        <hLang>HANDLE</hLang>
      </row>
    </rowset>
  </instance>
