<?xml version='1.0'?>
  <!--Warning : Don't edit this file -->
  <instance class="PJM">
    <rowset name="PjmDefn" size="2832" count="1">
      <row>
        <szLastUpdDttm>2015-11-25-15.34.16.221411</szLastUpdDttm>
        <szLastUpdOprId>mehdi.aouadi</szLastUpdOprId>
        <szObjectOwnerID></szObjectOwnerID>
        <nUseCount>1</nUseCount>
        <bUseUpdate>1</bUseUpdate>
        <lVersion>1</lVersion>
        <lSwapVersion>0</lSwapVersion>
        <nSwapNum>0</nSwapNum>
        <szProjectName>SG_LOT1041</szProjectName>
        <szLanguageCd>ENG</szLanguageCd>
        <szProjectDescr>Audit_type 'N' for NXG_SETTLE</szProjectDescr>
        <szSrcDBName>COEPRF01</szSrcDBName>
        <szSrcOprId>adil.louski</szSrcOprId>
        <szSessionId>3d9e854e-c147-11e6-b8ea-eeb2d3a2c043</szSessionId>
        <szRunDtTm>2016-12-13-16.17.20.868414</szRunDtTm>
        <szTgtServerName></szTgtServerName>
        <szTgtDBName>COEPRD11</szTgtDBName>
        <szTgtOprId>mehdi.aouadi</szTgtOprId>
        <fReportFilter>16775167</fReportFilter>
        <eTargetOrientation>0</eTargetOrientation>
        <eCompareType>1</eCompareType>
        <fKeepTgt>31</fKeepTgt>
        <nCommitLimit>50</nCommitLimit>
        <szCompRelease>Financials/SCM 8.90.00.000</szCompRelease>
        <szCompRelDttm></szCompRelDttm>
        <bMaintenanceProject>0</bMaintenanceProject>
        <bUseDbFieldNameAttrib>0</bUseDbFieldNameAttrib>
        <szReleaseLabel></szReleaseLabel>
        <szReleaseDttm></szReleaseDttm>
        <nDescrLongLen>256</nDescrLongLen>
        <hDescrLong> HANDLE
          <rowset name="char" size="256" count="1">
            <row>
              <hDescrLong>Author: Prerana Prasad
CO Number:1465983
Date: 06/11/2015
CO Description: [GL APF] Create audit_type 'N' for 'NXG_SETTLEMENT'</hDescrLong>
            </row>
          </rowset>
        </hDescrLong>
        <nProjectCount>2</nProjectCount>
        <lpPit> POINTER
          <rowset name="PjmPit" size="1712" count="2">
            <row>
              <eObjectType>2</eObjectType>
              <szObjectValue_0>AUDIT_TYPE_SG</szObjectValue_0>
              <szObjectValue_1></szObjectValue_1>
              <szObjectValue_2></szObjectValue_2>
              <szObjectValue_3></szObjectValue_3>
              <eObjectID_0>6</eObjectID_0>
              <eObjectID_1>0</eObjectID_1>
              <eObjectID_2>0</eObjectID_2>
              <eObjectID_3>0</eObjectID_3>
              <bExecute>0</bExecute>
              <eSourceStatus>4</eSourceStatus>
              <eTargetStatus>5</eTargetStatus>
              <eUpgradeAction>3</eUpgradeAction>
              <bTakeAction>1</bTakeAction>
              <bCopyDone>0</bCopyDone>
              <eRowStatus>3</eRowStatus>
            </row>
            <row>
              <eObjectType>4</eObjectType>
              <szObjectValue_0>AUDIT_TYPE_SG</szObjectValue_0>
              <szObjectValue_1>N</szObjectValue_1>
              <szObjectValue_2>1990-01-01</szObjectValue_2>
              <szObjectValue_3></szObjectValue_3>
              <eObjectID_0>6</eObjectID_0>
              <eObjectID_1>22</eObjectID_1>
              <eObjectID_2>21</eObjectID_2>
              <eObjectID_3>0</eObjectID_3>
              <bExecute>0</bExecute>
              <eSourceStatus>4</eSourceStatus>
              <eTargetStatus>1</eTargetStatus>
              <eUpgradeAction>0</eUpgradeAction>
              <bTakeAction>1</bTakeAction>
              <bCopyDone>0</bCopyDone>
              <eRowStatus>3</eRowStatus>
            </row>
          </rowset>
        </lpPit>
        <nAdsBindingCount>0</nAdsBindingCount>
        <pPrjAdsBinding>POINTER</pPrjAdsBinding>
        <bCopyAllSec>1</bCopyAllSec>
        <bCompAllSec>1</bCompAllSec>
        <nSecCount>70</nSecCount>
        <lpSec> POINTER
          <rowset name="PjmSec" size="1400" count="70">
            <row>
              <eProcessType>0</eProcessType>
              <szSectionName>COMMON</szSectionName>
            </row>
            <row>
              <eProcessType>0</eProcessType>
              <szSectionName>ARA</szSectionName>
            </row>
            <row>
              <eProcessType>0</eProcessType>
              <szSectionName>BUL</szSectionName>
            </row>
            <row>
              <eProcessType>0</eProcessType>
              <szSectionName>CFR</szSectionName>
            </row>
            <row>
              <eProcessType>0</eProcessType>
              <szSectionName>CRO</szSectionName>
            </row>
            <row>
              <eProcessType>0</eProcessType>
              <szSectionName>CZE</szSectionName>
            </row>
            <row>
              <eProcessType>0</eProcessType>
              <szSectionName>DAN</szSectionName>
            </row>
            <row>
              <eProcessType>0</eProcessType>
              <szSectionName>DUT</szSectionName>
            </row>
            <row>
              <eProcessType>0</eProcessType>
              <szSectionName>ENG</szSectionName>
            </row>
            <row>
              <eProcessType>0</eProcessType>
              <szSectionName>ESP</szSectionName>
            </row>
            <row>
              <eProcessType>0</eProcessType>
              <szSectionName>FIN</szSectionName>
            </row>
            <row>
              <eProcessType>0</eProcessType>
              <szSectionName>FRA</szSectionName>
            </row>
            <row>
              <eProcessType>0</eProcessType>
              <szSectionName>GER</szSectionName>
            </row>
            <row>
              <eProcessType>0</eProcessType>
              <szSectionName>GRK</szSectionName>
            </row>
            <row>
              <eProcessType>0</eProcessType>
              <szSectionName>HEB</szSectionName>
            </row>
            <row>
              <eProcessType>0</eProcessType>
              <szSectionName>HUN</szSectionName>
            </row>
            <row>
              <eProcessType>0</eProcessType>
              <szSectionName>ITA</szSectionName>
            </row>
            <row>
              <eProcessType>0</eProcessType>
              <szSectionName>JPN</szSectionName>
            </row>
            <row>
              <eProcessType>0</eProcessType>
              <szSectionName>KOR</szSectionName>
            </row>
            <row>
              <eProcessType>0</eProcessType>
              <szSectionName>MAY</szSectionName>
            </row>
            <row>
              <eProcessType>0</eProcessType>
              <szSectionName>NOR</szSectionName>
            </row>
            <row>
              <eProcessType>0</eProcessType>
              <szSectionName>POL</szSectionName>
            </row>
            <row>
              <eProcessType>0</eProcessType>
              <szSectionName>POR</szSectionName>
            </row>
            <row>
              <eProcessType>0</eProcessType>
              <szSectionName>ROM</szSectionName>
            </row>
            <row>
              <eProcessType>0</eProcessType>
              <szSectionName>RUS</szSectionName>
            </row>
            <row>
              <eProcessType>0</eProcessType>
              <szSectionName>SER</szSectionName>
            </row>
            <row>
              <eProcessType>0</eProcessType>
              <szSectionName>SLK</szSectionName>
            </row>
            <row>
              <eProcessType>0</eProcessType>
              <szSectionName>SLV</szSectionName>
            </row>
            <row>
              <eProcessType>0</eProcessType>
              <szSectionName>SVE</szSectionName>
            </row>
            <row>
              <eProcessType>0</eProcessType>
              <szSectionName>THA</szSectionName>
            </row>
            <row>
              <eProcessType>0</eProcessType>
              <szSectionName>TUR</szSectionName>
            </row>
            <row>
              <eProcessType>0</eProcessType>
              <szSectionName>UKE</szSectionName>
            </row>
            <row>
              <eProcessType>0</eProcessType>
              <szSectionName>VIE</szSectionName>
            </row>
            <row>
              <eProcessType>0</eProcessType>
              <szSectionName>ZHS</szSectionName>
            </row>
            <row>
              <eProcessType>0</eProcessType>
              <szSectionName>ZHT</szSectionName>
            </row>
            <row>
              <eProcessType>2</eProcessType>
              <szSectionName>COMMON</szSectionName>
            </row>
            <row>
              <eProcessType>2</eProcessType>
              <szSectionName>ARA</szSectionName>
            </row>
            <row>
              <eProcessType>2</eProcessType>
              <szSectionName>BUL</szSectionName>
            </row>
            <row>
              <eProcessType>2</eProcessType>
              <szSectionName>CFR</szSectionName>
            </row>
            <row>
              <eProcessType>2</eProcessType>
              <szSectionName>CRO</szSectionName>
            </row>
            <row>
              <eProcessType>2</eProcessType>
              <szSectionName>CZE</szSectionName>
            </row>
            <row>
              <eProcessType>2</eProcessType>
              <szSectionName>DAN</szSectionName>
            </row>
            <row>
              <eProcessType>2</eProcessType>
              <szSectionName>DUT</szSectionName>
            </row>
            <row>
              <eProcessType>2</eProcessType>
              <szSectionName>ENG</szSectionName>
            </row>
            <row>
              <eProcessType>2</eProcessType>
              <szSectionName>ESP</szSectionName>
            </row>
            <row>
              <eProcessType>2</eProcessType>
              <szSectionName>FIN</szSectionName>
            </row>
            <row>
              <eProcessType>2</eProcessType>
              <szSectionName>FRA</szSectionName>
            </row>
            <row>
              <eProcessType>2</eProcessType>
              <szSectionName>GER</szSectionName>
            </row>
            <row>
              <eProcessType>2</eProcessType>
              <szSectionName>GRK</szSectionName>
            </row>
            <row>
              <eProcessType>2</eProcessType>
              <szSectionName>HEB</szSectionName>
            </row>
            <row>
              <eProcessType>2</eProcessType>
              <szSectionName>HUN</szSectionName>
            </row>
            <row>
              <eProcessType>2</eProcessType>
              <szSectionName>ITA</szSectionName>
            </row>
            <row>
              <eProcessType>2</eProcessType>
              <szSectionName>JPN</szSectionName>
            </row>
            <row>
              <eProcessType>2</eProcessType>
              <szSectionName>KOR</szSectionName>
            </row>
            <row>
              <eProcessType>2</eProcessType>
              <szSectionName>MAY</szSectionName>
            </row>
            <row>
              <eProcessType>2</eProcessType>
              <szSectionName>NOR</szSectionName>
            </row>
            <row>
              <eProcessType>2</eProcessType>
              <szSectionName>POL</szSectionName>
            </row>
            <row>
              <eProcessType>2</eProcessType>
              <szSectionName>POR</szSectionName>
            </row>
            <row>
              <eProcessType>2</eProcessType>
              <szSectionName>ROM</szSectionName>
            </row>
            <row>
              <eProcessType>2</eProcessType>
              <szSectionName>RUS</szSectionName>
            </row>
            <row>
              <eProcessType>2</eProcessType>
              <szSectionName>SER</szSectionName>
            </row>
            <row>
              <eProcessType>2</eProcessType>
              <szSectionName>SLK</szSectionName>
            </row>
            <row>
              <eProcessType>2</eProcessType>
              <szSectionName>SLV</szSectionName>
            </row>
            <row>
              <eProcessType>2</eProcessType>
              <szSectionName>SVE</szSectionName>
            </row>
            <row>
              <eProcessType>2</eProcessType>
              <szSectionName>THA</szSectionName>
            </row>
            <row>
              <eProcessType>2</eProcessType>
              <szSectionName>TUR</szSectionName>
            </row>
            <row>
              <eProcessType>2</eProcessType>
              <szSectionName>UKE</szSectionName>
            </row>
            <row>
              <eProcessType>2</eProcessType>
              <szSectionName>VIE</szSectionName>
            </row>
            <row>
              <eProcessType>2</eProcessType>
              <szSectionName>ZHS</szSectionName>
            </row>
            <row>
              <eProcessType>2</eProcessType>
              <szSectionName>ZHT</szSectionName>
            </row>
          </rowset>
        </lpSec>
        <nIncCount>0</nIncCount>
        <lpInc>POINTER</lpInc>
        <nDepCount>0</nDepCount>
        <lpDep>POINTER</lpDep>
        <nLangCount>0</nLangCount>
        <hLang>HANDLE</hLang>
      </row>
    </rowset>
  </instance>
  <instance class="FIELD">
    <rowset name="Field" size="936" count="1">
      <row>
        <szLastUpdDttm>2015-11-25-15.34.17.220934</szLastUpdDttm>
        <szLastUpdOprId>prerana.prasad</szLastUpdOprId>
        <szObjectOwnerID></szObjectOwnerID>
        <nUseCount>1</nUseCount>
        <bUseUpdate>1</bUseUpdate>
        <lVersion>1</lVersion>
        <lSwapVersion>0</lSwapVersion>
        <nSwapNum>0</nSwapNum>
        <szFieldName>AUDIT_TYPE_SG</szFieldName>
        <szLanguageCd>ENG</szLanguageCd>
        <eFieldType>0</eFieldType>
        <nLength>1</nLength>
        <nDecimalPos>0</nDecimalPos>
        <eFormat>0</eFormat>
        <nFormatLength>0</nFormatLength>
        <eImgFmt>0</eImgFmt>
        <szFormatFamily></szFormatFamily>
        <szDispFmtName></szDispFmtName>
        <nDefCntryYr>50</nDefCntryYr>
        <nIMEMode>0</nIMEMode>
        <nKeyboardLayout>0</nKeyboardLayout>
        <nNotUsed>0</nNotUsed>
        <fAuxFlagMask>0</fAuxFlagMask>
        <nDescrLongLen>540</nDescrLongLen>
        <hDescrLong> HANDLE
          <rowset name="char" size="540" count="1">
            <row>
              <hDescrLong>05/29/2002  Hexaware

Created field for Control Attributes

----------------------------------------------------------------------------
Author: Prerana Prasad
CO Number:1465983
Date: 06/11/2015
CO Description: [GL APF] Create audit_type 'N' for 'NXG_SETTLEMENT'</hDescrLong>
            </row>
          </rowset>
        </hDescrLong>
        <nLabelCount>1</nLabelCount>
        <hDBFldLabel> HANDLE
          <rowset name="DBFldLabel" size="264" count="1">
            <row>
              <szLabelID>AUDIT_TYPE_SG</szLabelID>
              <szLongName>Supervision Type</szLongName>
              <szShortName>Sup. Typ</szShortName>
              <bIsDefault>1</bIsDefault>
              <szLastUpdDttm>2015-11-25-15.34.17.220934</szLastUpdDttm>
              <szLastUpdOprId>prerana.prasad</szLastUpdOprId>
              <nLangCount>0</nLangCount>
              <hLang>HANDLE</hLang>
            </row>
          </rowset>
        </hDBFldLabel>
        <szDefRecName></szDefRecName>
        <szDefFieldName></szDefFieldName>
        <szCurCtlFieldName></szCurCtlFieldName>
        <fUseEdit>0</fUseEdit>
        <fUseEdit2>0</fUseEdit2>
        <szEditTable></szEditTable>
        <nDefGUICtl>0</nDefGUICtl>
        <szSetCntrlFld></szSetCntrlFld>
        <szLabelID>AUDIT_TYPE_SG</szLabelID>
        <nTimeZoneUse>0</nTimeZoneUse>
        <szTimeZoneFieldName></szTimeZoneFieldName>
        <nCurrencyCtlUse>0</nCurrencyCtlUse>
        <szLongName>Supervision Type</szLongName>
        <szShortName>Sup. Typ</szShortName>
        <fStatus>0</fStatus>
        <nLangCount>0</nLangCount>
        <hLang>HANDLE</hLang>
        <nContextLabelCount>0</nContextLabelCount>
        <hDBFldContextLabel>HANDLE</hDBFldContextLabel>
      </row>
    </rowset>
  </instance>
  <instance class="XTM">
    <rowset name="XtmDefn" size="392" count="1">
      <row>
        <nUseCount>1</nUseCount>
        <bUseUpdate>1</bUseUpdate>
        <lVersion>1</lVersion>
        <lSwapVersion>0</lSwapVersion>
        <nSwapNum>0</nSwapNum>
        <szFieldName>AUDIT_TYPE_SG</szFieldName>
        <szLanguageCd>ENG</szLanguageCd>
        <nValueCount>5</nValueCount>
        <hFvt> HANDLE
          <rowset name="XtmValue" size="1320" count="5">
            <row>
              <szFieldValue>A</szFieldValue>
              <szEffDt>1900-01-01</szEffDt>
              <cEffStatus>A</cEffStatus>
              <szLongName>PS Matching</szLongName>
              <szShortName>PS Matchin</szShortName>
              <szLastUpdDttm>2006-09-11-17.36.45.000000</szLastUpdDttm>
              <szLastUpdOprId>VP1</szLastUpdOprId>
              <nSyncId>40580</nSyncId>
              <nLangCount>0</nLangCount>
              <hLang>HANDLE</hLang>
            </row>
            <row>
              <szFieldValue>C</szFieldValue>
              <szEffDt>1900-01-01</szEffDt>
              <cEffStatus>A</cEffStatus>
              <szLongName>Corona</szLongName>
              <szShortName>Corona</szShortName>
              <szLastUpdDttm>2006-09-11-17.36.45.000000</szLastUpdDttm>
              <szLastUpdOprId>VP1</szLastUpdOprId>
              <nSyncId>40581</nSyncId>
              <nLangCount>0</nLangCount>
              <hLang>HANDLE</hLang>
            </row>
            <row>
              <szFieldValue>E</szFieldValue>
              <szEffDt>1900-01-01</szEffDt>
              <cEffStatus>A</cEffStatus>
              <szLongName>EPM</szLongName>
              <szShortName>EPM</szShortName>
              <szLastUpdDttm>2006-09-11-17.36.45.000000</szLastUpdDttm>
              <szLastUpdOprId>VP1</szLastUpdOprId>
              <nSyncId>40582</nSyncId>
              <nLangCount>0</nLangCount>
              <hLang>HANDLE</hLang>
            </row>
            <row>
              <szFieldValue>M</szFieldValue>
              <szEffDt>1900-01-01</szEffDt>
              <cEffStatus>A</cEffStatus>
              <szLongName>Manual</szLongName>
              <szShortName>Manual</szShortName>
              <szLastUpdDttm>2006-09-11-17.36.45.000000</szLastUpdDttm>
              <szLastUpdOprId>VP1</szLastUpdOprId>
              <nSyncId>40583</nSyncId>
              <nLangCount>0</nLangCount>
              <hLang>HANDLE</hLang>
            </row>
            <row>
              <szFieldValue>N</szFieldValue>
              <szEffDt>1990-01-01</szEffDt>
              <cEffStatus>A</cEffStatus>
              <szLongName>NXG SETTLEMENT</szLongName>
              <szShortName>NXGSETLMNT</szShortName>
              <szLastUpdDttm>2015-11-25-15.34.18.220995</szLastUpdDttm>
              <szLastUpdOprId>prerana.prasad</szLastUpdOprId>
              <nSyncId>6289</nSyncId>
              <nLangCount>0</nLangCount>
              <hLang>HANDLE</hLang>
            </row>
          </rowset>
        </hFvt>
      </row>
    </rowset>
  </instance>
