<?xml version='1.0'?>
  <!--Warning : Don't edit this file -->
  <instance class="PJM">
    <rowset name="PjmDefn" size="2832" count="1">
      <row>
        <szLastUpdDttm>2015-04-22-15.57.55.514998</szLastUpdDttm>
        <szLastUpdOprId>georges-emmanuel.chevon</szLastUpdOprId>
        <szObjectOwnerID></szObjectOwnerID>
        <nUseCount>1</nUseCount>
        <bUseUpdate>1</bUseUpdate>
        <lVersion>1</lVersion>
        <lSwapVersion>0</lSwapVersion>
        <nSwapNum>0</nSwapNum>
        <szProjectName>SG_LOT1021</szProjectName>
        <szLanguageCd>ENG</szLanguageCd>
        <szProjectDescr>CO11371873- [DOLCE Performance</szProjectDescr>
        <szSrcDBName>COEPRF01</szSrcDBName>
        <szSrcOprId>adil.louski</szSrcOprId>
        <szSessionId>37d0a5cf-c122-11e6-b327-86c172a473ba</szSessionId>
        <szRunDtTm>2016-12-13-11.52.19.324541</szRunDtTm>
        <szTgtServerName></szTgtServerName>
        <szTgtDBName>COEPRD00</szTgtDBName>
        <szTgtOprId>georges-emmanuel.chevon</szTgtOprId>
        <fReportFilter>16775167</fReportFilter>
        <eTargetOrientation>0</eTargetOrientation>
        <eCompareType>1</eCompareType>
        <fKeepTgt>31</fKeepTgt>
        <nCommitLimit>50</nCommitLimit>
        <szCompRelease>Financials/SCM 8.90.00.000</szCompRelease>
        <szCompRelDttm></szCompRelDttm>
        <bMaintenanceProject>0</bMaintenanceProject>
        <bUseDbFieldNameAttrib>0</bUseDbFieldNameAttrib>
        <szReleaseLabel></szReleaseLabel>
        <szReleaseDttm></szReleaseDttm>
        <nDescrLongLen>292</nDescrLongLen>
        <hDescrLong> HANDLE
          <rowset name="char" size="292" count="1">
            <row>
              <hDescrLong>CO number: 11371873						
Title: [DOLCE Performance] AE038 KYC Extract Optimization process 	
Developer:Chethan Krishnappa					
Date:12/03/2015</hDescrLong>
            </row>
          </rowset>
        </hDescrLong>
        <nProjectCount>3</nProjectCount>
        <lpPit> POINTER
          <rowset name="PjmPit" size="2568" count="3">
            <row>
              <eObjectType>30</eObjectType>
              <szObjectValue_0>AE038_SG    PROGRAM Step01  S</szObjectValue_0>
              <szObjectValue_1>1</szObjectValue_1>
              <szObjectValue_2></szObjectValue_2>
              <szObjectValue_3></szObjectValue_3>
              <eObjectID_0>65</eObjectID_0>
              <eObjectID_1>81</eObjectID_1>
              <eObjectID_2>0</eObjectID_2>
              <eObjectID_3>0</eObjectID_3>
              <bExecute>0</bExecute>
              <eSourceStatus>4</eSourceStatus>
              <eTargetStatus>4</eTargetStatus>
              <eUpgradeAction>0</eUpgradeAction>
              <bTakeAction>1</bTakeAction>
              <bCopyDone>0</bCopyDone>
              <eRowStatus>3</eRowStatus>
            </row>
            <row>
              <eObjectType>30</eObjectType>
              <szObjectValue_0>AE038_SG    PROGRAM Step03  S</szObjectValue_0>
              <szObjectValue_1>1</szObjectValue_1>
              <szObjectValue_2></szObjectValue_2>
              <szObjectValue_3></szObjectValue_3>
              <eObjectID_0>65</eObjectID_0>
              <eObjectID_1>81</eObjectID_1>
              <eObjectID_2>0</eObjectID_2>
              <eObjectID_3>0</eObjectID_3>
              <bExecute>0</bExecute>
              <eSourceStatus>4</eSourceStatus>
              <eTargetStatus>4</eTargetStatus>
              <eUpgradeAction>0</eUpgradeAction>
              <bTakeAction>1</bTakeAction>
              <bCopyDone>0</bCopyDone>
              <eRowStatus>3</eRowStatus>
            </row>
            <row>
              <eObjectType>33</eObjectType>
              <szObjectValue_0>AE038_SG</szObjectValue_0>
              <szObjectValue_1></szObjectValue_1>
              <szObjectValue_2></szObjectValue_2>
              <szObjectValue_3></szObjectValue_3>
              <eObjectID_0>66</eObjectID_0>
              <eObjectID_1>0</eObjectID_1>
              <eObjectID_2>0</eObjectID_2>
              <eObjectID_3>0</eObjectID_3>
              <bExecute>0</bExecute>
              <eSourceStatus>4</eSourceStatus>
              <eTargetStatus>4</eTargetStatus>
              <eUpgradeAction>0</eUpgradeAction>
              <bTakeAction>1</bTakeAction>
              <bCopyDone>0</bCopyDone>
              <eRowStatus>3</eRowStatus>
            </row>
          </rowset>
        </lpPit>
        <nAdsBindingCount>0</nAdsBindingCount>
        <pPrjAdsBinding>POINTER</pPrjAdsBinding>
        <bCopyAllSec>1</bCopyAllSec>
        <bCompAllSec>1</bCompAllSec>
        <nSecCount>70</nSecCount>
        <lpSec> POINTER
          <rowset name="PjmSec" size="1400" count="70">
            <row>
              <eProcessType>0</eProcessType>
              <szSectionName>COMMON</szSectionName>
            </row>
            <row>
              <eProcessType>0</eProcessType>
              <szSectionName>ARA</szSectionName>
            </row>
            <row>
              <eProcessType>0</eProcessType>
              <szSectionName>BUL</szSectionName>
            </row>
            <row>
              <eProcessType>0</eProcessType>
              <szSectionName>CFR</szSectionName>
            </row>
            <row>
              <eProcessType>0</eProcessType>
              <szSectionName>CRO</szSectionName>
            </row>
            <row>
              <eProcessType>0</eProcessType>
              <szSectionName>CZE</szSectionName>
            </row>
            <row>
              <eProcessType>0</eProcessType>
              <szSectionName>DAN</szSectionName>
            </row>
            <row>
              <eProcessType>0</eProcessType>
              <szSectionName>DUT</szSectionName>
            </row>
            <row>
              <eProcessType>0</eProcessType>
              <szSectionName>ENG</szSectionName>
            </row>
            <row>
              <eProcessType>0</eProcessType>
              <szSectionName>ESP</szSectionName>
            </row>
            <row>
              <eProcessType>0</eProcessType>
              <szSectionName>FIN</szSectionName>
            </row>
            <row>
              <eProcessType>0</eProcessType>
              <szSectionName>FRA</szSectionName>
            </row>
            <row>
              <eProcessType>0</eProcessType>
              <szSectionName>GER</szSectionName>
            </row>
            <row>
              <eProcessType>0</eProcessType>
              <szSectionName>GRK</szSectionName>
            </row>
            <row>
              <eProcessType>0</eProcessType>
              <szSectionName>HEB</szSectionName>
            </row>
            <row>
              <eProcessType>0</eProcessType>
              <szSectionName>HUN</szSectionName>
            </row>
            <row>
              <eProcessType>0</eProcessType>
              <szSectionName>ITA</szSectionName>
            </row>
            <row>
              <eProcessType>0</eProcessType>
              <szSectionName>JPN</szSectionName>
            </row>
            <row>
              <eProcessType>0</eProcessType>
              <szSectionName>KOR</szSectionName>
            </row>
            <row>
              <eProcessType>0</eProcessType>
              <szSectionName>MAY</szSectionName>
            </row>
            <row>
              <eProcessType>0</eProcessType>
              <szSectionName>NOR</szSectionName>
            </row>
            <row>
              <eProcessType>0</eProcessType>
              <szSectionName>POL</szSectionName>
            </row>
            <row>
              <eProcessType>0</eProcessType>
              <szSectionName>POR</szSectionName>
            </row>
            <row>
              <eProcessType>0</eProcessType>
              <szSectionName>ROM</szSectionName>
            </row>
            <row>
              <eProcessType>0</eProcessType>
              <szSectionName>RUS</szSectionName>
            </row>
            <row>
              <eProcessType>0</eProcessType>
              <szSectionName>SER</szSectionName>
            </row>
            <row>
              <eProcessType>0</eProcessType>
              <szSectionName>SLK</szSectionName>
            </row>
            <row>
              <eProcessType>0</eProcessType>
              <szSectionName>SLV</szSectionName>
            </row>
            <row>
              <eProcessType>0</eProcessType>
              <szSectionName>SVE</szSectionName>
            </row>
            <row>
              <eProcessType>0</eProcessType>
              <szSectionName>THA</szSectionName>
            </row>
            <row>
              <eProcessType>0</eProcessType>
              <szSectionName>TUR</szSectionName>
            </row>
            <row>
              <eProcessType>0</eProcessType>
              <szSectionName>UKE</szSectionName>
            </row>
            <row>
              <eProcessType>0</eProcessType>
              <szSectionName>VIE</szSectionName>
            </row>
            <row>
              <eProcessType>0</eProcessType>
              <szSectionName>ZHS</szSectionName>
            </row>
            <row>
              <eProcessType>0</eProcessType>
              <szSectionName>ZHT</szSectionName>
            </row>
            <row>
              <eProcessType>2</eProcessType>
              <szSectionName>COMMON</szSectionName>
            </row>
            <row>
              <eProcessType>2</eProcessType>
              <szSectionName>ARA</szSectionName>
            </row>
            <row>
              <eProcessType>2</eProcessType>
              <szSectionName>BUL</szSectionName>
            </row>
            <row>
              <eProcessType>2</eProcessType>
              <szSectionName>CFR</szSectionName>
            </row>
            <row>
              <eProcessType>2</eProcessType>
              <szSectionName>CRO</szSectionName>
            </row>
            <row>
              <eProcessType>2</eProcessType>
              <szSectionName>CZE</szSectionName>
            </row>
            <row>
              <eProcessType>2</eProcessType>
              <szSectionName>DAN</szSectionName>
            </row>
            <row>
              <eProcessType>2</eProcessType>
              <szSectionName>DUT</szSectionName>
            </row>
            <row>
              <eProcessType>2</eProcessType>
              <szSectionName>ENG</szSectionName>
            </row>
            <row>
              <eProcessType>2</eProcessType>
              <szSectionName>ESP</szSectionName>
            </row>
            <row>
              <eProcessType>2</eProcessType>
              <szSectionName>FIN</szSectionName>
            </row>
            <row>
              <eProcessType>2</eProcessType>
              <szSectionName>FRA</szSectionName>
            </row>
            <row>
              <eProcessType>2</eProcessType>
              <szSectionName>GER</szSectionName>
            </row>
            <row>
              <eProcessType>2</eProcessType>
              <szSectionName>GRK</szSectionName>
            </row>
            <row>
              <eProcessType>2</eProcessType>
              <szSectionName>HEB</szSectionName>
            </row>
            <row>
              <eProcessType>2</eProcessType>
              <szSectionName>HUN</szSectionName>
            </row>
            <row>
              <eProcessType>2</eProcessType>
              <szSectionName>ITA</szSectionName>
            </row>
            <row>
              <eProcessType>2</eProcessType>
              <szSectionName>JPN</szSectionName>
            </row>
            <row>
              <eProcessType>2</eProcessType>
              <szSectionName>KOR</szSectionName>
            </row>
            <row>
              <eProcessType>2</eProcessType>
              <szSectionName>MAY</szSectionName>
            </row>
            <row>
              <eProcessType>2</eProcessType>
              <szSectionName>NOR</szSectionName>
            </row>
            <row>
              <eProcessType>2</eProcessType>
              <szSectionName>POL</szSectionName>
            </row>
            <row>
              <eProcessType>2</eProcessType>
              <szSectionName>POR</szSectionName>
            </row>
            <row>
              <eProcessType>2</eProcessType>
              <szSectionName>ROM</szSectionName>
            </row>
            <row>
              <eProcessType>2</eProcessType>
              <szSectionName>RUS</szSectionName>
            </row>
            <row>
              <eProcessType>2</eProcessType>
              <szSectionName>SER</szSectionName>
            </row>
            <row>
              <eProcessType>2</eProcessType>
              <szSectionName>SLK</szSectionName>
            </row>
            <row>
              <eProcessType>2</eProcessType>
              <szSectionName>SLV</szSectionName>
            </row>
            <row>
              <eProcessType>2</eProcessType>
              <szSectionName>SVE</szSectionName>
            </row>
            <row>
              <eProcessType>2</eProcessType>
              <szSectionName>THA</szSectionName>
            </row>
            <row>
              <eProcessType>2</eProcessType>
              <szSectionName>TUR</szSectionName>
            </row>
            <row>
              <eProcessType>2</eProcessType>
              <szSectionName>UKE</szSectionName>
            </row>
            <row>
              <eProcessType>2</eProcessType>
              <szSectionName>VIE</szSectionName>
            </row>
            <row>
              <eProcessType>2</eProcessType>
              <szSectionName>ZHS</szSectionName>
            </row>
            <row>
              <eProcessType>2</eProcessType>
              <szSectionName>ZHT</szSectionName>
            </row>
          </rowset>
        </lpSec>
        <nIncCount>0</nIncCount>
        <lpInc>POINTER</lpInc>
        <nDepCount>0</nDepCount>
        <lpDep>POINTER</lpDep>
        <nLangCount>0</nLangCount>
        <hLang>HANDLE</hLang>
      </row>
    </rowset>
  </instance>
  <instance class="AEM">
    <rowset name="AemDefn" size="1128" count="1">
      <row>
        <szLastUpdDttm>2015-04-22-15.57.57.514181</szLastUpdDttm>
        <szLastUpdOprId>chethan.krishnappa</szLastUpdOprId>
        <szObjectOwnerId></szObjectOwnerId>
        <nUseCount>1</nUseCount>
        <bUseUpdate>1</bUseUpdate>
        <lVersion>1</lVersion>
        <lSwapVersion>0</lSwapVersion>
        <nSwapNum>0</nSwapNum>
        <szApplId>AE038_SG</szApplId>
        <szInrootelement></szInrootelement>
        <szInmsgname></szInmsgname>
        <szInmsgversion></szInmsgversion>
        <szOutrootelement></szOutrootelement>
        <szOutmsgname></szOutmsgname>
        <szOutmsgversion></szOutmsgversion>
        <szLanguageCd>ENG</szLanguageCd>
        <szDescr>KYC Extraction (GL To BDR)</szDescr>
        <cDateOverride>N</cDateOverride>
        <bDateOverride>0</bDateOverride>
        <szAsOfDate>1900-01-01</szAsOfDate>
        <lMessageSetNbr>0</lMessageSetNbr>
        <cApplLibrary>N</cApplLibrary>
        <bApplLibrary>0</bApplLibrary>
        <cDisableRestart>Y</cDisableRestart>
        <bDisableRestart>1</bDisableRestart>
        <cProgType>0</cProgType>
        <eProgType>0</eProgType>
        <lDescrLongLen>950</lDescrLongLen>
        <lpszDescrLong> POINTER
          <rowset name="char" size="950" count="1">
            <row>
              <lpszDescrLong>NPT - 06/2006

FGS - 09/2006
Use of calendars in main SQL request 

************************************************************************************
CO number: 11371873						
Title: [DOLCE Performance] AE038 KYC Extract Optimization process 	
Developer:Chethan Krishnappa					
Date:12/03/2015
Desc: Replaced Old HINT : /*+ PARALLEL(PS_LEDGER 4) */ with
New HINT : /*+ FULL(PS_LEDGER) PARALLEL(PS_LEDGER 4) */
at Program-&gt;Step01-&gt;SQL and Program-&gt;Step03-&gt;SQL </lpszDescrLong>
            </row>
          </rowset>
        </lpszDescrLong>
        <lStateCount>1</lStateCount>
        <lpStateT> POINTER
          <rowset name="AeState" size="40" count="1">
            <row>
              <szStateRecName>SG_AE038_AET</szStateRecName>
              <cDefaultState>Y</cDefaultState>
              <bDefaultState>1</bDefaultState>
            </row>
          </rowset>
        </lpStateT>
        <lTempTblCount>0</lTempTblCount>
        <lpTempTblList>POINTER</lpTempTblList>
        <lTempTblInstances>1</lTempTblInstances>
        <fRecUse>0</fRecUse>
        <szLicenseCode>100000000000000000000000000000</szLicenseCode>
        <nLangCount>0</nLangCount>
        <hLang>HANDLE</hLang>
      </row>
    </rowset>
  </instance>
  <instance class="SRM">
    <rowset name="SrmDefn" size="432" count="1">
      <row>
        <szLastUpdDttm>2015-04-22-15.57.58.514149</szLastUpdDttm>
        <szLastUpdOprId>chethan.krishnappa</szLastUpdOprId>
        <szObjectOwnerId></szObjectOwnerId>
        <nUseCount>1</nUseCount>
        <bUseUpdate>1</bUseUpdate>
        <lVersion>1</lVersion>
        <lSwapVersion>0</lSwapVersion>
        <nSwapNum>0</nSwapNum>
        <szSqlId>AE038_SG    PROGRAM Step01  S</szSqlId>
        <szSqlType>1</szSqlType>
        <szLanguageCd>ENG</szLanguageCd>
        <bEnableEffDt>1</bEnableEffDt>
        <cEnableEffDt>Y</cEnableEffDt>
        <lStmtCount>1</lStmtCount>
        <lpStmtT> POINTER
          <rowset name="SrmStmt" size="144" count="1">
            <row>
              <szMarket>GBL</szMarket>
              <eDbType>32</eDbType>
              <cDbType> </cDbType>
              <szEffDt>1900-01-01</szEffDt>
              <szDescr></szDescr>
              <lSqlTextLen>1940</lSqlTextLen>
              <lpszSqlText> POINTER
                <rowset name="char" size="1940" count="1">
                  <row>
                    <lpszSqlText>INSERT INTO PS_KYC_GBL_TEMP_SG ( SELECT A.BUSINESS_UNIT , C.DESCRSHORT FROM ( SELECT DISTINCT BUSINESS_UNIT , OPERATING_UNIT FROM ( SELECT /*+ FULL(PS_LEDGER) PARALLEL(PS_LEDGER 4) */ BUSINESS_UNIT , LEDGER , ACCOUNT , ALTACCT , DEPTID , OPERATING_UNIT , OBJECT_CODE , AFFILIATE , CURRENCY_CD , SUM(POSTED_TRAN_AMT) FROM PS_LEDGER WHERE FISCAL_YEAR = %Bind(FISCAL_YEAR) AND NOT (currency_cd = base_currency AND posted_tran_cr=0 AND posted_tran_dr=0 AND posted_base_amt=0 AND (posted_total_dr &lt;&gt; 0 OR posted_total_cr &lt;&gt; 0)) AND BUSINESS_UNIT NOT IN ('G0001', 'I0001') GROUP BY BUSINESS_UNIT, LEDGER, ACCOUNT, ALTACCT, DEPTID, OPERATING_UNIT, OBJECT_CODE, AFFILIATE, CURRENCY_CD HAVING SUM(POSTED_TRAN_AMT) &lt;&gt; 0)) A JOIN PS_SET_CNTRL_REC B ON (RECNAME = 'OPER_UNIT_TBL' AND A.BUSINESS_UNIT = B.SETCNTRLVALUE) JOIN PS_OPER_UNIT_TBL C ON (C.SETID = B.SETID AND C.OPERATING_UNIT = A.OPERATING_UNIT) WHERE LENGTH(TRIM(TRANSLATE(C.descrshort, ' +-.0123456789', ' '))) IS NULL )</lpszSqlText>
                  </row>
                </rowset>
              </lpszSqlText>
              <lDescrLongLen>0</lDescrLongLen>
              <lpszDescrLong>POINTER</lpszDescrLong>
              <nLangCount>0</nLangCount>
              <hLang>HANDLE</hLang>
            </row>
          </rowset>
        </lpStmtT>
        <nSqlTextCount>0</nSqlTextCount>
        <lpSqlText>POINTER</lpSqlText>
      </row>
    </rowset>
  </instance>
  <instance class="SRM">
    <rowset name="SrmDefn" size="432" count="1">
      <row>
        <szLastUpdDttm>2015-04-22-15.57.58.514530</szLastUpdDttm>
        <szLastUpdOprId>chethan.krishnappa</szLastUpdOprId>
        <szObjectOwnerId></szObjectOwnerId>
        <nUseCount>1</nUseCount>
        <bUseUpdate>1</bUseUpdate>
        <lVersion>1</lVersion>
        <lSwapVersion>0</lSwapVersion>
        <nSwapNum>0</nSwapNum>
        <szSqlId>AE038_SG    PROGRAM Step03  S</szSqlId>
        <szSqlType>1</szSqlType>
        <szLanguageCd>ENG</szLanguageCd>
        <bEnableEffDt>1</bEnableEffDt>
        <cEnableEffDt>Y</cEnableEffDt>
        <lStmtCount>1</lStmtCount>
        <lpStmtT> POINTER
          <rowset name="SrmStmt" size="144" count="1">
            <row>
              <szMarket>GBL</szMarket>
              <eDbType>32</eDbType>
              <cDbType> </cDbType>
              <szEffDt>1900-01-01</szEffDt>
              <szDescr></szDescr>
              <lSqlTextLen>1710</lSqlTextLen>
              <lpszSqlText> POINTER
                <rowset name="char" size="1710" count="1">
                  <row>
                    <lpszSqlText>INSERT INTO PS_KYC_GBL_TEMP_SG ( SELECT A.BUSINESS_UNIT , C.DESCRSHORT FROM ( SELECT /*+ FULL(A) PARALLEL(A 4) */ DISTINCT BUSINESS_UNIT , OPERATING_UNIT FROM PS_LEDGER A WHERE ( FISCAL_YEAR = %Bind(FISCAL_YEAR) AND ACCOUNTING_PERIOD = %Bind(ACCOUNTING_PERIOD) ) OR ( FISCAL_YEAR = %Bind(FISCAL_YEAR2) AND ACCOUNTING_PERIOD = %Bind(ACCOUNTING_PERIOD2) ) UNION SELECT /*+ PARALLEL(PS_LEDGER_PARI_DTM 4) */ DISTINCT BUSINESS_UNIT , OPERATING_UNIT FROM PS_LEDGER_PARI_DTM WHERE FISCAL_YEAR = %Bind(FISCAL_YEAR) AND ACCOUNTING_PERIOD = %Bind(ACCOUNTING_PERIOD) AND YTD_TRAN_AMT + ADJ_TRAN_AMT_1 &lt;&gt; 0) A JOIN PS_SET_CNTRL_REC B ON (RECNAME = 'OPER_UNIT_TBL' AND A.BUSINESS_UNIT = B.SETCNTRLVALUE) JOIN PS_OPER_UNIT_TBL C ON (C.SETID = B.SETID AND C.OPERATING_UNIT = A.OPERATING_UNIT) WHERE LENGTH(TRIM(TRANSLATE(C.descrshort, ' +-.0123456789', ' '))) IS NULL )</lpszSqlText>
                  </row>
                </rowset>
              </lpszSqlText>
              <lDescrLongLen>0</lDescrLongLen>
              <lpszDescrLong>POINTER</lpszDescrLong>
              <nLangCount>0</nLangCount>
              <hLang>HANDLE</hLang>
            </row>
          </rowset>
        </lpStmtT>
        <nSqlTextCount>0</nSqlTextCount>
        <lpSqlText>POINTER</lpSqlText>
      </row>
    </rowset>
  </instance>
