<?xml version='1.0'?>
  <!--Warning : Don't edit this file -->
  <instance class="PJM">
    <rowset name="PjmDefn" size="2832" count="1">
      <row>
        <szLastUpdDttm>2016-09-26-10.42.23.156267</szLastUpdDttm>
        <szLastUpdOprId>akanksha.prerna</szLastUpdOprId>
        <szObjectOwnerID></szObjectOwnerID>
        <nUseCount>1</nUseCount>
        <bUseUpdate>1</bUseUpdate>
        <lVersion>289</lVersion>
        <lSwapVersion>0</lSwapVersion>
        <nSwapNum>0</nSwapNum>
        <szProjectName>SG_LOT1075</szProjectName>
        <szLanguageCd>ENG</szLanguageCd>
        <szProjectDescr>[Upgrade] Disable switch user</szProjectDescr>
        <szSrcDBName>COEUAT11</szSrcDBName>
        <szSrcOprId>akanksha.prerna</szSrcOprId>
        <szSessionId>5ac1aab6-83c5-11e6-a4d9-fc321034735e</szSessionId>
        <szRunDtTm>2016-09-26-10.43.54.156059</szRunDtTm>
        <szTgtServerName></szTgtServerName>
        <szTgtDBName></szTgtDBName>
        <szTgtOprId></szTgtOprId>
        <fReportFilter>16232832</fReportFilter>
        <eTargetOrientation>0</eTargetOrientation>
        <eCompareType>1</eCompareType>
        <fKeepTgt>31</fKeepTgt>
        <nCommitLimit>50</nCommitLimit>
        <szCompRelease></szCompRelease>
        <szCompRelDttm></szCompRelDttm>
        <bMaintenanceProject>0</bMaintenanceProject>
        <bUseDbFieldNameAttrib>0</bUseDbFieldNameAttrib>
        <szReleaseLabel></szReleaseLabel>
        <szReleaseDttm></szReleaseDttm>
        <nDescrLongLen>274</nDescrLongLen>
        <hDescrLong> HANDLE
          <rowset name="char" size="274" count="1">
            <row>
              <hDescrLong>Created by : RamPrasad Dubey
Created on : 19/09/2016
JIRA ID : GLTES-223
Descr : [Upgrade] Disable switch user in Prod without CASE ID</hDescrLong>
            </row>
          </rowset>
        </hDescrLong>
        <nProjectCount>1</nProjectCount>
        <lpPit> POINTER
          <rowset name="PjmPit" size="856" count="1">
            <row>
              <eObjectType>0</eObjectType>
              <szObjectValue_0>OPRDEFN_WRK_SG</szObjectValue_0>
              <szObjectValue_1></szObjectValue_1>
              <szObjectValue_2></szObjectValue_2>
              <szObjectValue_3></szObjectValue_3>
              <eObjectID_0>1</eObjectID_0>
              <eObjectID_1>0</eObjectID_1>
              <eObjectID_2>0</eObjectID_2>
              <eObjectID_3>0</eObjectID_3>
              <bExecute>0</bExecute>
              <eSourceStatus>0</eSourceStatus>
              <eTargetStatus>0</eTargetStatus>
              <eUpgradeAction>0</eUpgradeAction>
              <bTakeAction>1</bTakeAction>
              <bCopyDone>1</bCopyDone>
              <eRowStatus>3</eRowStatus>
            </row>
          </rowset>
        </lpPit>
        <nAdsBindingCount>0</nAdsBindingCount>
        <pPrjAdsBinding>POINTER</pPrjAdsBinding>
        <bCopyAllSec>1</bCopyAllSec>
        <bCompAllSec>1</bCompAllSec>
        <nSecCount>70</nSecCount>
        <lpSec> POINTER
          <rowset name="PjmSec" size="1400" count="70">
            <row>
              <eProcessType>0</eProcessType>
              <szSectionName>COMMON</szSectionName>
            </row>
            <row>
              <eProcessType>0</eProcessType>
              <szSectionName>ARA</szSectionName>
            </row>
            <row>
              <eProcessType>0</eProcessType>
              <szSectionName>BUL</szSectionName>
            </row>
            <row>
              <eProcessType>0</eProcessType>
              <szSectionName>CFR</szSectionName>
            </row>
            <row>
              <eProcessType>0</eProcessType>
              <szSectionName>CRO</szSectionName>
            </row>
            <row>
              <eProcessType>0</eProcessType>
              <szSectionName>CZE</szSectionName>
            </row>
            <row>
              <eProcessType>0</eProcessType>
              <szSectionName>DAN</szSectionName>
            </row>
            <row>
              <eProcessType>0</eProcessType>
              <szSectionName>DUT</szSectionName>
            </row>
            <row>
              <eProcessType>0</eProcessType>
              <szSectionName>ENG</szSectionName>
            </row>
            <row>
              <eProcessType>0</eProcessType>
              <szSectionName>ESP</szSectionName>
            </row>
            <row>
              <eProcessType>0</eProcessType>
              <szSectionName>FIN</szSectionName>
            </row>
            <row>
              <eProcessType>0</eProcessType>
              <szSectionName>FRA</szSectionName>
            </row>
            <row>
              <eProcessType>0</eProcessType>
              <szSectionName>GER</szSectionName>
            </row>
            <row>
              <eProcessType>0</eProcessType>
              <szSectionName>GRK</szSectionName>
            </row>
            <row>
              <eProcessType>0</eProcessType>
              <szSectionName>HEB</szSectionName>
            </row>
            <row>
              <eProcessType>0</eProcessType>
              <szSectionName>HUN</szSectionName>
            </row>
            <row>
              <eProcessType>0</eProcessType>
              <szSectionName>ITA</szSectionName>
            </row>
            <row>
              <eProcessType>0</eProcessType>
              <szSectionName>JPN</szSectionName>
            </row>
            <row>
              <eProcessType>0</eProcessType>
              <szSectionName>KOR</szSectionName>
            </row>
            <row>
              <eProcessType>0</eProcessType>
              <szSectionName>MAY</szSectionName>
            </row>
            <row>
              <eProcessType>0</eProcessType>
              <szSectionName>NOR</szSectionName>
            </row>
            <row>
              <eProcessType>0</eProcessType>
              <szSectionName>POL</szSectionName>
            </row>
            <row>
              <eProcessType>0</eProcessType>
              <szSectionName>POR</szSectionName>
            </row>
            <row>
              <eProcessType>0</eProcessType>
              <szSectionName>ROM</szSectionName>
            </row>
            <row>
              <eProcessType>0</eProcessType>
              <szSectionName>RUS</szSectionName>
            </row>
            <row>
              <eProcessType>0</eProcessType>
              <szSectionName>SER</szSectionName>
            </row>
            <row>
              <eProcessType>0</eProcessType>
              <szSectionName>SLK</szSectionName>
            </row>
            <row>
              <eProcessType>0</eProcessType>
              <szSectionName>SLV</szSectionName>
            </row>
            <row>
              <eProcessType>0</eProcessType>
              <szSectionName>SVE</szSectionName>
            </row>
            <row>
              <eProcessType>0</eProcessType>
              <szSectionName>THA</szSectionName>
            </row>
            <row>
              <eProcessType>0</eProcessType>
              <szSectionName>TUR</szSectionName>
            </row>
            <row>
              <eProcessType>0</eProcessType>
              <szSectionName>UKE</szSectionName>
            </row>
            <row>
              <eProcessType>0</eProcessType>
              <szSectionName>VIE</szSectionName>
            </row>
            <row>
              <eProcessType>0</eProcessType>
              <szSectionName>ZHS</szSectionName>
            </row>
            <row>
              <eProcessType>0</eProcessType>
              <szSectionName>ZHT</szSectionName>
            </row>
            <row>
              <eProcessType>2</eProcessType>
              <szSectionName>COMMON</szSectionName>
            </row>
            <row>
              <eProcessType>2</eProcessType>
              <szSectionName>ARA</szSectionName>
            </row>
            <row>
              <eProcessType>2</eProcessType>
              <szSectionName>BUL</szSectionName>
            </row>
            <row>
              <eProcessType>2</eProcessType>
              <szSectionName>CFR</szSectionName>
            </row>
            <row>
              <eProcessType>2</eProcessType>
              <szSectionName>CRO</szSectionName>
            </row>
            <row>
              <eProcessType>2</eProcessType>
              <szSectionName>CZE</szSectionName>
            </row>
            <row>
              <eProcessType>2</eProcessType>
              <szSectionName>DAN</szSectionName>
            </row>
            <row>
              <eProcessType>2</eProcessType>
              <szSectionName>DUT</szSectionName>
            </row>
            <row>
              <eProcessType>2</eProcessType>
              <szSectionName>ENG</szSectionName>
            </row>
            <row>
              <eProcessType>2</eProcessType>
              <szSectionName>ESP</szSectionName>
            </row>
            <row>
              <eProcessType>2</eProcessType>
              <szSectionName>FIN</szSectionName>
            </row>
            <row>
              <eProcessType>2</eProcessType>
              <szSectionName>FRA</szSectionName>
            </row>
            <row>
              <eProcessType>2</eProcessType>
              <szSectionName>GER</szSectionName>
            </row>
            <row>
              <eProcessType>2</eProcessType>
              <szSectionName>GRK</szSectionName>
            </row>
            <row>
              <eProcessType>2</eProcessType>
              <szSectionName>HEB</szSectionName>
            </row>
            <row>
              <eProcessType>2</eProcessType>
              <szSectionName>HUN</szSectionName>
            </row>
            <row>
              <eProcessType>2</eProcessType>
              <szSectionName>ITA</szSectionName>
            </row>
            <row>
              <eProcessType>2</eProcessType>
              <szSectionName>JPN</szSectionName>
            </row>
            <row>
              <eProcessType>2</eProcessType>
              <szSectionName>KOR</szSectionName>
            </row>
            <row>
              <eProcessType>2</eProcessType>
              <szSectionName>MAY</szSectionName>
            </row>
            <row>
              <eProcessType>2</eProcessType>
              <szSectionName>NOR</szSectionName>
            </row>
            <row>
              <eProcessType>2</eProcessType>
              <szSectionName>POL</szSectionName>
            </row>
            <row>
              <eProcessType>2</eProcessType>
              <szSectionName>POR</szSectionName>
            </row>
            <row>
              <eProcessType>2</eProcessType>
              <szSectionName>ROM</szSectionName>
            </row>
            <row>
              <eProcessType>2</eProcessType>
              <szSectionName>RUS</szSectionName>
            </row>
            <row>
              <eProcessType>2</eProcessType>
              <szSectionName>SER</szSectionName>
            </row>
            <row>
              <eProcessType>2</eProcessType>
              <szSectionName>SLK</szSectionName>
            </row>
            <row>
              <eProcessType>2</eProcessType>
              <szSectionName>SLV</szSectionName>
            </row>
            <row>
              <eProcessType>2</eProcessType>
              <szSectionName>SVE</szSectionName>
            </row>
            <row>
              <eProcessType>2</eProcessType>
              <szSectionName>THA</szSectionName>
            </row>
            <row>
              <eProcessType>2</eProcessType>
              <szSectionName>TUR</szSectionName>
            </row>
            <row>
              <eProcessType>2</eProcessType>
              <szSectionName>UKE</szSectionName>
            </row>
            <row>
              <eProcessType>2</eProcessType>
              <szSectionName>VIE</szSectionName>
            </row>
            <row>
              <eProcessType>2</eProcessType>
              <szSectionName>ZHS</szSectionName>
            </row>
            <row>
              <eProcessType>2</eProcessType>
              <szSectionName>ZHT</szSectionName>
            </row>
          </rowset>
        </lpSec>
        <nIncCount>0</nIncCount>
        <lpInc>POINTER</lpInc>
        <nDepCount>0</nDepCount>
        <lpDep>POINTER</lpDep>
        <nLangCount>0</nLangCount>
        <hLang>HANDLE</hLang>
      </row>
    </rowset>
  </instance>
  <instance class="RDM">
    <rowset name="RecDefn" size="920" count="1">
      <row>
        <szLastUpdDttm>2016-09-26-10.38.07.302306</szLastUpdDttm>
        <szLastUpdOprId>valerie.delay</szLastUpdOprId>
        <szObjectOwnerID>0-SG</szObjectOwnerID>
        <nUseCount>1</nUseCount>
        <bUseUpdate>1</bUseUpdate>
        <lVersion>63</lVersion>
        <lSwapVersion>63</lSwapVersion>
        <nSwapNum>0</nSwapNum>
        <szRecName>OPRDEFN_WRK_SG</szRecName>
        <szLanguageCd>ENG</szLanguageCd>
        <fFlags>0</fFlags>
        <fAuxFlagMask>196608</fAuxFlagMask>
        <nFieldCount>5</nFieldCount>
        <eRecType>2</eRecType>
        <fRecUse>0</fRecUse>
        <cOptTrigFlag>N</cOptTrigFlag>
        <szAuditRecName></szAuditRecName>
        <szSetCntrlFld></szSetCntrlFld>
        <szRelLangRecName></szRelLangRecName>
        <szOptDelRecName></szOptDelRecName>
        <szParentRecName></szParentRecName>
        <szQrySecRecName></szQrySecRecName>
        <szSqlTableName></szSqlTableName>
        <nBuildSeqNo>1</nBuildSeqNo>
        <szRecDescr>Operator Definition</szRecDescr>
        <hAltDefn>HANDLE</hAltDefn>
        <nDescrLongLen>506</nDescrLongLen>
        <hDescrLong> HANDLE
          <rowset name="char" size="506" count="1">
            <row>
              <hDescrLong>This table defines PeopleSoft Users. This is also a core table for User Profile Manager.

CO#715050
Jyothirmayi Patnayakuni, 15-Sep-2011
The REASON_SG is a added to this record to hold the reason information as part of the switch user functionality.</hDescrLong>
            </row>
          </rowset>
        </hDescrLong>
        <hRft> HANDLE
          <rowset name="RecField" size="2080" count="5">
            <row>
              <fStatus>0</fStatus>
              <atmFieldName>OPRID</atmFieldName>
              <eFieldType>0</eFieldType>
              <nLength>30</nLength>
              <nDecimalPos>0</nDecimalPos>
              <eFormat>6</eFormat>
              <nFormatLength>0</nFormatLength>
              <eImgFmt>0</eImgFmt>
              <atmFormatFamily></atmFormatFamily>
              <atmDispFmtName></atmDispFmtName>
              <nDefCntryYr>50</nDefCntryYr>
              <nIMEMode>0</nIMEMode>
              <nKeyboardLayout>0</nKeyboardLayout>
              <szObjectOwnerID></szObjectOwnerID>
              <szLastUpdDttm>2008-04-30-15.05.08.000000</szLastUpdDttm>
              <szLastUpdOprId>henri.guibert</szLastUpdOprId>
              <nDescrLongLen>0</nDescrLongLen>
              <hDescrLong>HANDLE</hDescrLong>
              <nLabelCount>30</nLabelCount>
              <hDBFldLabel> HANDLE
                <rowset name="DBFldLabel" size="960" count="30">
                  <row>
                    <atmLabelID>AUTHOR</atmLabelID>
                    <atmLongName>Created By</atmLongName>
                    <atmShortName>CreatedBy</atmShortName>
                    <bIsDefault>0</bIsDefault>
                  </row>
                  <row>
                    <atmLabelID>AUTO</atmLabelID>
                    <atmLongName>Auto Plan User</atmLongName>
                    <atmShortName>Auto User</atmShortName>
                    <bIsDefault>0</bIsDefault>
                  </row>
                  <row>
                    <atmLabelID>AUTO_RLS_OPRID</atmLabelID>
                    <atmLongName>Auto Release User ID</atmLongName>
                    <atmShortName>Auto Rls User</atmShortName>
                    <bIsDefault>0</bIsDefault>
                  </row>
                  <row>
                    <atmLabelID>BLANK</atmLabelID>
                    <atmLongName></atmLongName>
                    <atmShortName></atmShortName>
                    <bIsDefault>0</bIsDefault>
                  </row>
                  <row>
                    <atmLabelID>BY</atmLabelID>
                    <atmLongName>by</atmLongName>
                    <atmShortName>by</atmShortName>
                    <bIsDefault>0</bIsDefault>
                  </row>
                  <row>
                    <atmLabelID>CREATED_BY</atmLabelID>
                    <atmLongName>Created By</atmLongName>
                    <atmShortName>Creator</atmShortName>
                    <bIsDefault>0</bIsDefault>
                  </row>
                  <row>
                    <atmLabelID>DEPT_MGT_ID</atmLabelID>
                    <atmLongName>Department Manager</atmLongName>
                    <atmShortName>Manager</atmShortName>
                    <bIsDefault>0</bIsDefault>
                  </row>
                  <row>
                    <atmLabelID>EM_LABEL</atmLabelID>
                    <atmLongName>Modify Users</atmLongName>
                    <atmShortName>Modify Users</atmShortName>
                    <bIsDefault>0</bIsDefault>
                  </row>
                  <row>
                    <atmLabelID>EWN_OPRID</atmLabelID>
                    <atmLongName>Worklist User ID</atmLongName>
                    <atmShortName>User ID</atmShortName>
                    <bIsDefault>0</bIsDefault>
                  </row>
                  <row>
                    <atmLabelID>EXISTING</atmLabelID>
                    <atmLongName>Existing User ID</atmLongName>
                    <atmShortName>Existing User</atmShortName>
                    <bIsDefault>0</bIsDefault>
                  </row>
                  <row>
                    <atmLabelID>INFO</atmLabelID>
                    <atmLongName>User Information</atmLongName>
                    <atmShortName>User Informatio</atmShortName>
                    <bIsDefault>0</bIsDefault>
                  </row>
                  <row>
                    <atmLabelID>IN_MANAGER</atmLabelID>
                    <atmLongName>Inventory Manager</atmLongName>
                    <atmShortName>IN Manager</atmShortName>
                    <bIsDefault>0</bIsDefault>
                  </row>
                  <row>
                    <atmLabelID>LABEL1</atmLabelID>
                    <atmLongName>Overridden By</atmLongName>
                    <atmShortName>Oprid</atmShortName>
                    <bIsDefault>0</bIsDefault>
                  </row>
                  <row>
                    <atmLabelID>LASTUPDATED</atmLabelID>
                    <atmLongName>Last Updated</atmLongName>
                    <atmShortName>Last Updated</atmShortName>
                    <bIsDefault>0</bIsDefault>
                  </row>
                  <row>
                    <atmLabelID>NEW</atmLabelID>
                    <atmLongName>New User ID</atmLongName>
                    <atmShortName>New User ID</atmShortName>
                    <bIsDefault>0</bIsDefault>
                  </row>
                  <row>
                    <atmLabelID>OPERATORASSIGNED</atmLabelID>
                    <atmLongName>Operator Assigned</atmLongName>
                    <atmShortName>Operator Assign</atmShortName>
                    <bIsDefault>0</bIsDefault>
                  </row>
                  <row>
                    <atmLabelID>OPRID</atmLabelID>
                    <atmLongName>Operator Id</atmLongName>
                    <atmShortName>Operator</atmShortName>
                    <bIsDefault>0</bIsDefault>
                  </row>
                  <row>
                    <atmLabelID>OPRID1</atmLabelID>
                    <atmLongName>Oprid</atmLongName>
                    <atmShortName>Oprid</atmShortName>
                    <bIsDefault>0</bIsDefault>
                  </row>
                  <row>
                    <atmLabelID>OWNER</atmLabelID>
                    <atmLongName>Owner</atmLongName>
                    <atmShortName>Owner</atmShortName>
                    <bIsDefault>0</bIsDefault>
                  </row>
                  <row>
                    <atmLabelID>PERMISSION</atmLabelID>
                    <atmLongName>Permission List</atmLongName>
                    <atmShortName>Permission List</atmShortName>
                    <bIsDefault>0</bIsDefault>
                  </row>
                  <row>
                    <atmLabelID>POOLADM</atmLabelID>
                    <atmLongName>Pool Administrator Id</atmLongName>
                    <atmShortName>Admin Id</atmShortName>
                    <bIsDefault>0</bIsDefault>
                  </row>
                  <row>
                    <atmLabelID>PROJE_MGT</atmLabelID>
                    <atmLongName>Program Manager</atmLongName>
                    <atmShortName>Manager</atmShortName>
                    <bIsDefault>0</bIsDefault>
                  </row>
                  <row>
                    <atmLabelID>PT_LOGIN</atmLabelID>
                    <atmLongName>Login Information</atmLongName>
                    <atmShortName>Log</atmShortName>
                    <bIsDefault>0</bIsDefault>
                  </row>
                  <row>
                    <atmLabelID>RELEASE_OPRID</atmLabelID>
                    <atmLongName>Added By</atmLongName>
                    <atmShortName>Added By</atmShortName>
                    <bIsDefault>0</bIsDefault>
                  </row>
                  <row>
                    <atmLabelID>REPORTCREATEDBY</atmLabelID>
                    <atmLongName>Report Created By</atmLongName>
                    <atmShortName>RptCreatedBy</atmShortName>
                    <bIsDefault>0</bIsDefault>
                  </row>
                  <row>
                    <atmLabelID>REQUESTOR</atmLabelID>
                    <atmLongName>Requester</atmLongName>
                    <atmShortName>Requester</atmShortName>
                    <bIsDefault>0</bIsDefault>
                  </row>
                  <row>
                    <atmLabelID>TARGETID</atmLabelID>
                    <atmLongName>Target User ID</atmLongName>
                    <atmShortName>Target User ID</atmShortName>
                    <bIsDefault>0</bIsDefault>
                  </row>
                  <row>
                    <atmLabelID>USERASSIGNED</atmLabelID>
                    <atmLongName>User Assigned</atmLongName>
                    <atmShortName>User Assigned</atmShortName>
                    <bIsDefault>0</bIsDefault>
                  </row>
                  <row>
                    <atmLabelID>USERID</atmLabelID>
                    <atmLongName>User ID</atmLongName>
                    <atmShortName>User</atmShortName>
                    <bIsDefault>1</bIsDefault>
                  </row>
                  <row>
                    <atmLabelID>VRBT_MGR</atmLabelID>
                    <atmLongName>Rebate Manager</atmLongName>
                    <atmShortName>Rebate Manager</atmShortName>
                    <bIsDefault>0</bIsDefault>
                  </row>
                </rowset>
              </hDBFldLabel>
              <nOrgLabelCount>0</nOrgLabelCount>
              <hOrgDBFldLabel>HANDLE</hOrgDBFldLabel>
              <nNotUsed>0</nNotUsed>
              <fAuxFlagMask>0</fAuxFlagMask>
              <atmDefRecName></atmDefRecName>
              <atmDefFieldName></atmDefFieldName>
              <atmCurCtlFieldName></atmCurCtlFieldName>
              <fUseEdit>16645</fUseEdit>
              <fUseEdit2>0</fUseEdit2>
              <atmEditTable>SWITCH_USR_VWSG</atmEditTable>
              <nDefGUICtl>99</nDefGUICtl>
              <atmSetCntrlFld></atmSetCntrlFld>
              <atmLabelID>USERID</atmLabelID>
              <nTimeZoneUse>0</nTimeZoneUse>
              <atmTimeZoneFieldName></atmTimeZoneFieldName>
              <nCurrencyCtlUse>0</nCurrencyCtlUse>
              <atmRelTmDtFieldName></atmRelTmDtFieldName>
              <atmLongName>User ID</atmLongName>
              <atmShortName>User</atmShortName>
              <atmPhysicalRecNameList>OPRDEFN_WRK_SG     </atmPhysicalRecNameList>
              <hDBFldContextLabel>HANDLE</hDBFldContextLabel>
              <nContextLabelCount>0</nContextLabelCount>
            </row>
            <row>
              <fStatus>0</fStatus>
              <atmFieldName>REASON_SG</atmFieldName>
              <eFieldType>0</eFieldType>
              <nLength>10</nLength>
              <nDecimalPos>0</nDecimalPos>
              <eFormat>0</eFormat>
              <nFormatLength>0</nFormatLength>
              <eImgFmt>0</eImgFmt>
              <atmFormatFamily></atmFormatFamily>
              <atmDispFmtName></atmDispFmtName>
              <nDefCntryYr>50</nDefCntryYr>
              <nIMEMode>0</nIMEMode>
              <nKeyboardLayout>0</nKeyboardLayout>
              <szObjectOwnerID></szObjectOwnerID>
              <szLastUpdDttm>2016-09-26-10.38.07.302333</szLastUpdDttm>
              <szLastUpdOprId>valerie.delay</szLastUpdOprId>
              <nDescrLongLen>0</nDescrLongLen>
              <hDescrLong>HANDLE</hDescrLong>
              <nLabelCount>1</nLabelCount>
              <hDBFldLabel> HANDLE
                <rowset name="DBFldLabel" size="32" count="1">
                  <row>
                    <atmLabelID>REASON_SG</atmLabelID>
                    <atmLongName>Reason_SG</atmLongName>
                    <atmShortName>Reason_SG</atmShortName>
                    <bIsDefault>1</bIsDefault>
                  </row>
                </rowset>
              </hDBFldLabel>
              <nOrgLabelCount>0</nOrgLabelCount>
              <hOrgDBFldLabel>HANDLE</hOrgDBFldLabel>
              <nNotUsed>0</nNotUsed>
              <fAuxFlagMask>0</fAuxFlagMask>
              <atmDefRecName></atmDefRecName>
              <atmDefFieldName></atmDefFieldName>
              <atmCurCtlFieldName></atmCurCtlFieldName>
              <fUseEdit>256</fUseEdit>
              <fUseEdit2>0</fUseEdit2>
              <atmEditTable></atmEditTable>
              <nDefGUICtl>99</nDefGUICtl>
              <atmSetCntrlFld></atmSetCntrlFld>
              <atmLabelID>REASON_SG</atmLabelID>
              <nTimeZoneUse>0</nTimeZoneUse>
              <atmTimeZoneFieldName></atmTimeZoneFieldName>
              <nCurrencyCtlUse>0</nCurrencyCtlUse>
              <atmRelTmDtFieldName></atmRelTmDtFieldName>
              <atmLongName>Reason_SG</atmLongName>
              <atmShortName>Reason_SG</atmShortName>
              <atmPhysicalRecNameList>OPRDEFN_WRK_SG     </atmPhysicalRecNameList>
              <hDBFldContextLabel>HANDLE</hDBFldContextLabel>
              <nContextLabelCount>0</nContextLabelCount>
            </row>
            <row>
              <fStatus>0</fStatus>
              <atmFieldName>ACTION1_PB</atmFieldName>
              <eFieldType>0</eFieldType>
              <nLength>1</nLength>
              <nDecimalPos>0</nDecimalPos>
              <eFormat>0</eFormat>
              <nFormatLength>0</nFormatLength>
              <eImgFmt>0</eImgFmt>
              <atmFormatFamily></atmFormatFamily>
              <atmDispFmtName></atmDispFmtName>
              <nDefCntryYr>50</nDefCntryYr>
              <nIMEMode>0</nIMEMode>
              <nKeyboardLayout>0</nKeyboardLayout>
              <szObjectOwnerID></szObjectOwnerID>
              <szLastUpdDttm>2008-04-22-22.14.01.000000</szLastUpdDttm>
              <szLastUpdOprId>henri.guibert</szLastUpdOprId>
              <nDescrLongLen>0</nDescrLongLen>
              <hDescrLong>HANDLE</hDescrLong>
              <nLabelCount>1</nLabelCount>
              <hDBFldLabel> HANDLE
                <rowset name="DBFldLabel" size="32" count="1">
                  <row>
                    <atmLabelID>GOTO_ACTIONS</atmLabelID>
                    <atmLongName>Actions</atmLongName>
                    <atmShortName>Actions</atmShortName>
                    <bIsDefault>1</bIsDefault>
                  </row>
                </rowset>
              </hDBFldLabel>
              <nOrgLabelCount>0</nOrgLabelCount>
              <hOrgDBFldLabel>HANDLE</hOrgDBFldLabel>
              <nNotUsed>0</nNotUsed>
              <fAuxFlagMask>0</fAuxFlagMask>
              <atmDefRecName></atmDefRecName>
              <atmDefFieldName></atmDefFieldName>
              <atmCurCtlFieldName></atmCurCtlFieldName>
              <fUseEdit>8388608</fUseEdit>
              <fUseEdit2>0</fUseEdit2>
              <atmEditTable></atmEditTable>
              <nDefGUICtl>99</nDefGUICtl>
              <atmSetCntrlFld></atmSetCntrlFld>
              <atmLabelID></atmLabelID>
              <nTimeZoneUse>0</nTimeZoneUse>
              <atmTimeZoneFieldName></atmTimeZoneFieldName>
              <nCurrencyCtlUse>0</nCurrencyCtlUse>
              <atmRelTmDtFieldName></atmRelTmDtFieldName>
              <atmLongName>Actions</atmLongName>
              <atmShortName>Actions</atmShortName>
              <atmPhysicalRecNameList>OPRDEFN_WRK_SG     </atmPhysicalRecNameList>
              <hDBFldContextLabel>HANDLE</hDBFldContextLabel>
              <nContextLabelCount>0</nContextLabelCount>
            </row>
            <row>
              <fStatus>0</fStatus>
              <atmFieldName>ACTION2_PB</atmFieldName>
              <eFieldType>0</eFieldType>
              <nLength>1</nLength>
              <nDecimalPos>0</nDecimalPos>
              <eFormat>0</eFormat>
              <nFormatLength>0</nFormatLength>
              <eImgFmt>0</eImgFmt>
              <atmFormatFamily></atmFormatFamily>
              <atmDispFmtName></atmDispFmtName>
              <nDefCntryYr>50</nDefCntryYr>
              <nIMEMode>0</nIMEMode>
              <nKeyboardLayout>0</nKeyboardLayout>
              <szObjectOwnerID></szObjectOwnerID>
              <szLastUpdDttm>2008-04-22-22.14.01.000000</szLastUpdDttm>
              <szLastUpdOprId>henri.guibert</szLastUpdOprId>
              <nDescrLongLen>0</nDescrLongLen>
              <hDescrLong>HANDLE</hDescrLong>
              <nLabelCount>1</nLabelCount>
              <hDBFldLabel> HANDLE
                <rowset name="DBFldLabel" size="32" count="1">
                  <row>
                    <atmLabelID>GOTO_ACTIONS</atmLabelID>
                    <atmLongName>Actions</atmLongName>
                    <atmShortName>Actions</atmShortName>
                    <bIsDefault>1</bIsDefault>
                  </row>
                </rowset>
              </hDBFldLabel>
              <nOrgLabelCount>0</nOrgLabelCount>
              <hOrgDBFldLabel>HANDLE</hOrgDBFldLabel>
              <nNotUsed>0</nNotUsed>
              <fAuxFlagMask>0</fAuxFlagMask>
              <atmDefRecName></atmDefRecName>
              <atmDefFieldName></atmDefFieldName>
              <atmCurCtlFieldName></atmCurCtlFieldName>
              <fUseEdit>8388608</fUseEdit>
              <fUseEdit2>0</fUseEdit2>
              <atmEditTable></atmEditTable>
              <nDefGUICtl>99</nDefGUICtl>
              <atmSetCntrlFld></atmSetCntrlFld>
              <atmLabelID></atmLabelID>
              <nTimeZoneUse>0</nTimeZoneUse>
              <atmTimeZoneFieldName></atmTimeZoneFieldName>
              <nCurrencyCtlUse>0</nCurrencyCtlUse>
              <atmRelTmDtFieldName></atmRelTmDtFieldName>
              <atmLongName>Actions</atmLongName>
              <atmShortName>Actions</atmShortName>
              <atmPhysicalRecNameList>OPRDEFN_WRK_SG     </atmPhysicalRecNameList>
              <hDBFldContextLabel>HANDLE</hDBFldContextLabel>
              <nContextLabelCount>0</nContextLabelCount>
            </row>
            <row>
              <fStatus>0</fStatus>
              <atmFieldName>LAST_OPRID</atmFieldName>
              <eFieldType>0</eFieldType>
              <nLength>30</nLength>
              <nDecimalPos>0</nDecimalPos>
              <eFormat>0</eFormat>
              <nFormatLength>0</nFormatLength>
              <eImgFmt>0</eImgFmt>
              <atmFormatFamily></atmFormatFamily>
              <atmDispFmtName></atmDispFmtName>
              <nDefCntryYr>50</nDefCntryYr>
              <nIMEMode>0</nIMEMode>
              <nKeyboardLayout>0</nKeyboardLayout>
              <szObjectOwnerID></szObjectOwnerID>
              <szLastUpdDttm>2008-04-30-11.53.56.000000</szLastUpdDttm>
              <szLastUpdOprId>henri.guibert</szLastUpdOprId>
              <nDescrLongLen>0</nDescrLongLen>
              <hDescrLong>HANDLE</hDescrLong>
              <nLabelCount>2</nLabelCount>
              <hDBFldLabel> HANDLE
                <rowset name="DBFldLabel" size="64" count="2">
                  <row>
                    <atmLabelID>LAST_OPRID</atmLabelID>
                    <atmLongName>Last Response Operator</atmLongName>
                    <atmShortName>Last OprID</atmShortName>
                    <bIsDefault>1</bIsDefault>
                  </row>
                  <row>
                    <atmLabelID>USER_ID</atmLabelID>
                    <atmLongName>Last User ID</atmLongName>
                    <atmShortName>Last User ID</atmShortName>
                    <bIsDefault>0</bIsDefault>
                  </row>
                </rowset>
              </hDBFldLabel>
              <nOrgLabelCount>0</nOrgLabelCount>
              <hOrgDBFldLabel>HANDLE</hOrgDBFldLabel>
              <nNotUsed>0</nNotUsed>
              <fAuxFlagMask>0</fAuxFlagMask>
              <atmDefRecName></atmDefRecName>
              <atmDefFieldName></atmDefFieldName>
              <atmCurCtlFieldName></atmCurCtlFieldName>
              <fUseEdit>8388608</fUseEdit>
              <fUseEdit2>0</fUseEdit2>
              <atmEditTable></atmEditTable>
              <nDefGUICtl>99</nDefGUICtl>
              <atmSetCntrlFld></atmSetCntrlFld>
              <atmLabelID></atmLabelID>
              <nTimeZoneUse>0</nTimeZoneUse>
              <atmTimeZoneFieldName></atmTimeZoneFieldName>
              <nCurrencyCtlUse>0</nCurrencyCtlUse>
              <atmRelTmDtFieldName></atmRelTmDtFieldName>
              <atmLongName>Last Response Operator</atmLongName>
              <atmShortName>Last OprID</atmShortName>
              <atmPhysicalRecNameList>OPRDEFN_WRK_SG     </atmPhysicalRecNameList>
              <hDBFldContextLabel>HANDLE</hDBFldContextLabel>
              <nContextLabelCount>0</nContextLabelCount>
            </row>
          </rowset>
        </hRft>
        <nIndexCount>0</nIndexCount>
        <lpIdt>POINTER</lpIdt>
        <nDDLCount>0</nDDLCount>
        <lpRpt>POINTER</lpRpt>
        <nDelFieldCount>0</nDelFieldCount>
        <hDelRft>HANDLE</hDelRft>
        <hOrgDefn>HANDLE</hOrgDefn>
        <hExpDefn>HANDLE</hExpDefn>
        <nLangCount>0</nLangCount>
        <hLang>HANDLE</hLang>
        <szSystemIDFieldName></szSystemIDFieldName>
        <szRowLevelTimeStampFieldName></szRowLevelTimeStampFieldName>
        <nTblSpcCount>0</nTblSpcCount>
        <lpSpct>POINTER</lpSpct>
        <nSecRecCount>0</nSecRecCount>
        <hSecRec>HANDLE</hSecRec>
        <nMatVwDefnCount>0</nMatVwDefnCount>
        <hMatVwDefn>HANDLE</hMatVwDefn>
      </row>
    </rowset>
  </instance>
  <instance class="FIELD">
    <rowset name="Field" size="936" count="1">
      <row>
        <szLastUpdDttm>2016-07-17-08.40.30.037757</szLastUpdDttm>
        <szLastUpdOprId>PPLSOFT</szLastUpdOprId>
        <szObjectOwnerID>PPT</szObjectOwnerID>
        <nUseCount>1</nUseCount>
        <bUseUpdate>1</bUseUpdate>
        <lVersion>1</lVersion>
        <lSwapVersion>0</lSwapVersion>
        <nSwapNum>0</nSwapNum>
        <szFieldName>OPRID</szFieldName>
        <szLanguageCd>ENG</szLanguageCd>
        <eFieldType>0</eFieldType>
        <nLength>30</nLength>
        <nDecimalPos>0</nDecimalPos>
        <eFormat>6</eFormat>
        <nFormatLength>0</nFormatLength>
        <eImgFmt>0</eImgFmt>
        <szFormatFamily></szFormatFamily>
        <szDispFmtName></szDispFmtName>
        <nDefCntryYr>50</nDefCntryYr>
        <nIMEMode>0</nIMEMode>
        <nKeyboardLayout>0</nKeyboardLayout>
        <nNotUsed>0</nNotUsed>
        <fAuxFlagMask>0</fAuxFlagMask>
        <nDescrLongLen>22</nDescrLongLen>
        <hDescrLong> HANDLE
          <rowset name="char" size="22" count="1">
            <row>
              <hDescrLong>A user's ID</hDescrLong>
            </row>
          </rowset>
        </hDescrLong>
        <nLabelCount>30</nLabelCount>
        <hDBFldLabel> HANDLE
          <rowset name="DBFldLabel" size="7920" count="30">
            <row>
              <szLabelID>BY</szLabelID>
              <szLongName>by</szLongName>
              <szShortName>by</szShortName>
              <bIsDefault>0</bIsDefault>
              <szLastUpdDttm>2016-07-17-08.40.30.037757</szLastUpdDttm>
              <szLastUpdOprId>PPLSOFT</szLastUpdOprId>
              <nLangCount>0</nLangCount>
              <hLang>HANDLE</hLang>
            </row>
            <row>
              <szLabelID>LABEL1</szLabelID>
              <szLongName>Overridden By</szLongName>
              <szShortName>Oprid</szShortName>
              <bIsDefault>0</bIsDefault>
              <szLastUpdDttm>2016-07-17-08.40.30.037757</szLastUpdDttm>
              <szLastUpdOprId>PPLSOFT</szLastUpdOprId>
              <nLangCount>0</nLangCount>
              <hLang>HANDLE</hLang>
            </row>
            <row>
              <szLabelID>OPRID1</szLabelID>
              <szLongName>Oprid</szLongName>
              <szShortName>Oprid</szShortName>
              <bIsDefault>0</bIsDefault>
              <szLastUpdDttm>2016-07-17-08.40.30.037757</szLastUpdDttm>
              <szLastUpdOprId>PPLSOFT</szLastUpdOprId>
              <nLangCount>0</nLangCount>
              <hLang>HANDLE</hLang>
            </row>
            <row>
              <szLabelID>AUTHOR</szLabelID>
              <szLongName>Created By</szLongName>
              <szShortName>CreatedBy</szShortName>
              <bIsDefault>0</bIsDefault>
              <szLastUpdDttm>2016-07-17-08.40.30.037757</szLastUpdDttm>
              <szLastUpdOprId>PPLSOFT</szLastUpdOprId>
              <nLangCount>0</nLangCount>
              <hLang>HANDLE</hLang>
            </row>
            <row>
              <szLabelID>AUTO_RLS_OPRID</szLabelID>
              <szLongName>Auto Release User ID</szLongName>
              <szShortName>Auto Rls User</szShortName>
              <bIsDefault>0</bIsDefault>
              <szLastUpdDttm>2016-07-17-08.40.30.037757</szLastUpdDttm>
              <szLastUpdOprId>PPLSOFT</szLastUpdOprId>
              <nLangCount>0</nLangCount>
              <hLang>HANDLE</hLang>
            </row>
            <row>
              <szLabelID>OWNER</szLabelID>
              <szLongName>Owner</szLongName>
              <szShortName>Owner</szShortName>
              <bIsDefault>0</bIsDefault>
              <szLastUpdDttm>2016-07-17-08.40.30.037757</szLastUpdDttm>
              <szLastUpdOprId>PPLSOFT</szLastUpdOprId>
              <nLangCount>0</nLangCount>
              <hLang>HANDLE</hLang>
            </row>
            <row>
              <szLabelID>IN_MANAGER</szLabelID>
              <szLongName>Inventory Manager</szLongName>
              <szShortName>IN Manager</szShortName>
              <bIsDefault>0</bIsDefault>
              <szLastUpdDttm>2016-07-17-08.40.30.037757</szLastUpdDttm>
              <szLastUpdOprId>PPLSOFT</szLastUpdOprId>
              <nLangCount>0</nLangCount>
              <hLang>HANDLE</hLang>
            </row>
            <row>
              <szLabelID>EWN_OPRID</szLabelID>
              <szLongName>Worklist User ID</szLongName>
              <szShortName>User ID</szShortName>
              <bIsDefault>0</bIsDefault>
              <szLastUpdDttm>2016-07-17-08.40.30.037757</szLastUpdDttm>
              <szLastUpdOprId>PPLSOFT</szLastUpdOprId>
              <nLangCount>0</nLangCount>
              <hLang>HANDLE</hLang>
            </row>
            <row>
              <szLabelID>LASTUPDATED</szLabelID>
              <szLongName>Last Updated</szLongName>
              <szShortName>Last Updated</szShortName>
              <bIsDefault>0</bIsDefault>
              <szLastUpdDttm>2016-07-17-08.40.30.037757</szLastUpdDttm>
              <szLastUpdOprId>PPLSOFT</szLastUpdOprId>
              <nLangCount>0</nLangCount>
              <hLang>HANDLE</hLang>
            </row>
            <row>
              <szLabelID>PROJE_MGT</szLabelID>
              <szLongName>Program Manager</szLongName>
              <szShortName>Manager</szShortName>
              <bIsDefault>0</bIsDefault>
              <szLastUpdDttm>2016-07-17-08.40.30.037757</szLastUpdDttm>
              <szLastUpdOprId>PPLSOFT</szLastUpdOprId>
              <nLangCount>0</nLangCount>
              <hLang>HANDLE</hLang>
            </row>
            <row>
              <szLabelID>EXISTING</szLabelID>
              <szLongName>Existing User ID</szLongName>
              <szShortName>Existing User</szShortName>
              <bIsDefault>0</bIsDefault>
              <szLastUpdDttm>2016-07-17-08.40.30.037757</szLastUpdDttm>
              <szLastUpdOprId>PPLSOFT</szLastUpdOprId>
              <nLangCount>0</nLangCount>
              <hLang>HANDLE</hLang>
            </row>
            <row>
              <szLabelID>POOLADM</szLabelID>
              <szLongName>Pool Administrator Id</szLongName>
              <szShortName>Admin Id</szShortName>
              <bIsDefault>0</bIsDefault>
              <szLastUpdDttm>2016-07-17-08.40.30.037757</szLastUpdDttm>
              <szLastUpdOprId>PPLSOFT</szLastUpdOprId>
              <nLangCount>0</nLangCount>
              <hLang>HANDLE</hLang>
            </row>
            <row>
              <szLabelID>USERID</szLabelID>
              <szLongName>User ID</szLongName>
              <szShortName>User</szShortName>
              <bIsDefault>1</bIsDefault>
              <szLastUpdDttm>2016-07-17-08.40.30.037757</szLastUpdDttm>
              <szLastUpdOprId>PPLSOFT</szLastUpdOprId>
              <nLangCount>0</nLangCount>
              <hLang>HANDLE</hLang>
            </row>
            <row>
              <szLabelID>TARGETID</szLabelID>
              <szLongName>Target User ID</szLongName>
              <szShortName>Target User ID</szShortName>
              <bIsDefault>0</bIsDefault>
              <szLastUpdDttm>2016-07-17-08.40.30.037757</szLastUpdDttm>
              <szLastUpdOprId>PPLSOFT</szLastUpdOprId>
              <nLangCount>0</nLangCount>
              <hLang>HANDLE</hLang>
            </row>
            <row>
              <szLabelID>NEW</szLabelID>
              <szLongName>New User ID</szLongName>
              <szShortName>New User ID</szShortName>
              <bIsDefault>0</bIsDefault>
              <szLastUpdDttm>2016-07-17-08.40.30.037757</szLastUpdDttm>
              <szLastUpdOprId>PPLSOFT</szLastUpdOprId>
              <nLangCount>0</nLangCount>
              <hLang>HANDLE</hLang>
            </row>
            <row>
              <szLabelID>EM_LABEL</szLabelID>
              <szLongName>Modify Users</szLongName>
              <szShortName>Modify Users</szShortName>
              <bIsDefault>0</bIsDefault>
              <szLastUpdDttm>2016-07-17-08.40.30.037757</szLastUpdDttm>
              <szLastUpdOprId>PPLSOFT</szLastUpdOprId>
              <nLangCount>0</nLangCount>
              <hLang>HANDLE</hLang>
            </row>
            <row>
              <szLabelID>CREATED_BY</szLabelID>
              <szLongName>Created By</szLongName>
              <szShortName>Creator</szShortName>
              <bIsDefault>0</bIsDefault>
              <szLastUpdDttm>2016-07-17-08.40.30.037757</szLastUpdDttm>
              <szLastUpdOprId>PPLSOFT</szLastUpdOprId>
              <nLangCount>0</nLangCount>
              <hLang>HANDLE</hLang>
            </row>
            <row>
              <szLabelID>OPERATORASSIGNED</szLabelID>
              <szLongName>Operator Assigned</szLongName>
              <szShortName>Operator Assign</szShortName>
              <bIsDefault>0</bIsDefault>
              <szLastUpdDttm>2016-07-17-08.40.30.037757</szLastUpdDttm>
              <szLastUpdOprId>PPLSOFT</szLastUpdOprId>
              <nLangCount>0</nLangCount>
              <hLang>HANDLE</hLang>
            </row>
            <row>
              <szLabelID>RELEASE_OPRID</szLabelID>
              <szLongName>Added By</szLongName>
              <szShortName>Added By</szShortName>
              <bIsDefault>0</bIsDefault>
              <szLastUpdDttm>2016-07-17-08.40.30.037757</szLastUpdDttm>
              <szLastUpdOprId>PPLSOFT</szLastUpdOprId>
              <nLangCount>0</nLangCount>
              <hLang>HANDLE</hLang>
            </row>
            <row>
              <szLabelID>BLANK</szLabelID>
              <szLongName></szLongName>
              <szShortName></szShortName>
              <bIsDefault>0</bIsDefault>
              <szLastUpdDttm>2016-07-17-08.40.30.037757</szLastUpdDttm>
              <szLastUpdOprId>PPLSOFT</szLastUpdOprId>
              <nLangCount>0</nLangCount>
              <hLang>HANDLE</hLang>
            </row>
            <row>
              <szLabelID>OPRID</szLabelID>
              <szLongName>Operator Id</szLongName>
              <szShortName>Operator</szShortName>
              <bIsDefault>0</bIsDefault>
              <szLastUpdDttm>2016-07-17-08.40.30.037757</szLastUpdDttm>
              <szLastUpdOprId>PPLSOFT</szLastUpdOprId>
              <nLangCount>0</nLangCount>
              <hLang>HANDLE</hLang>
            </row>
            <row>
              <szLabelID>INFO</szLabelID>
              <szLongName>User Information</szLongName>
              <szShortName>User Informatio</szShortName>
              <bIsDefault>0</bIsDefault>
              <szLastUpdDttm>2016-07-17-08.40.30.037757</szLastUpdDttm>
              <szLastUpdOprId>PPLSOFT</szLastUpdOprId>
              <nLangCount>0</nLangCount>
              <hLang>HANDLE</hLang>
            </row>
            <row>
              <szLabelID>REPORTCREATEDBY</szLabelID>
              <szLongName>Report Created By</szLongName>
              <szShortName>RptCreatedBy</szShortName>
              <bIsDefault>0</bIsDefault>
              <szLastUpdDttm>2016-07-17-08.40.30.037757</szLastUpdDttm>
              <szLastUpdOprId>PPLSOFT</szLastUpdOprId>
              <nLangCount>0</nLangCount>
              <hLang>HANDLE</hLang>
            </row>
            <row>
              <szLabelID>USERASSIGNED</szLabelID>
              <szLongName>User Assigned</szLongName>
              <szShortName>User Assigned</szShortName>
              <bIsDefault>0</bIsDefault>
              <szLastUpdDttm>2016-07-17-08.40.30.037757</szLastUpdDttm>
              <szLastUpdOprId>PPLSOFT</szLastUpdOprId>
              <nLangCount>0</nLangCount>
              <hLang>HANDLE</hLang>
            </row>
            <row>
              <szLabelID>REQUESTOR</szLabelID>
              <szLongName>Requester</szLongName>
              <szShortName>Requester</szShortName>
              <bIsDefault>0</bIsDefault>
              <szLastUpdDttm>2016-07-17-08.40.30.037757</szLastUpdDttm>
              <szLastUpdOprId>PPLSOFT</szLastUpdOprId>
              <nLangCount>0</nLangCount>
              <hLang>HANDLE</hLang>
            </row>
            <row>
              <szLabelID>DEPT_MGT_ID</szLabelID>
              <szLongName>Department Manager</szLongName>
              <szShortName>Manager</szShortName>
              <bIsDefault>0</bIsDefault>
              <szLastUpdDttm>2016-07-17-08.40.30.037757</szLastUpdDttm>
              <szLastUpdOprId>PPLSOFT</szLastUpdOprId>
              <nLangCount>0</nLangCount>
              <hLang>HANDLE</hLang>
            </row>
            <row>
              <szLabelID>VRBT_MGR</szLabelID>
              <szLongName>Rebate Manager</szLongName>
              <szShortName>Rebate Manager</szShortName>
              <bIsDefault>0</bIsDefault>
              <szLastUpdDttm>2016-07-17-08.40.30.037757</szLastUpdDttm>
              <szLastUpdOprId>PPLSOFT</szLastUpdOprId>
              <nLangCount>0</nLangCount>
              <hLang>HANDLE</hLang>
            </row>
            <row>
              <szLabelID>PT_LOGIN</szLabelID>
              <szLongName>Login Information</szLongName>
              <szShortName>Log</szShortName>
              <bIsDefault>0</bIsDefault>
              <szLastUpdDttm>2016-07-17-08.40.30.037757</szLastUpdDttm>
              <szLastUpdOprId>PPLSOFT</szLastUpdOprId>
              <nLangCount>0</nLangCount>
              <hLang>HANDLE</hLang>
            </row>
            <row>
              <szLabelID>PERMISSION</szLabelID>
              <szLongName>Permission List</szLongName>
              <szShortName>Permission List</szShortName>
              <bIsDefault>0</bIsDefault>
              <szLastUpdDttm>2016-07-17-08.40.30.037757</szLastUpdDttm>
              <szLastUpdOprId>PPLSOFT</szLastUpdOprId>
              <nLangCount>0</nLangCount>
              <hLang>HANDLE</hLang>
            </row>
            <row>
              <szLabelID>AUTO</szLabelID>
              <szLongName>Auto Plan User</szLongName>
              <szShortName>Auto User</szShortName>
              <bIsDefault>0</bIsDefault>
              <szLastUpdDttm>2016-07-17-08.40.30.037757</szLastUpdDttm>
              <szLastUpdOprId>PPLSOFT</szLastUpdOprId>
              <nLangCount>0</nLangCount>
              <hLang>HANDLE</hLang>
            </row>
          </rowset>
        </hDBFldLabel>
        <szDefRecName></szDefRecName>
        <szDefFieldName></szDefFieldName>
        <szCurCtlFieldName></szCurCtlFieldName>
        <fUseEdit>0</fUseEdit>
        <fUseEdit2>0</fUseEdit2>
        <szEditTable></szEditTable>
        <nDefGUICtl>0</nDefGUICtl>
        <szSetCntrlFld></szSetCntrlFld>
        <szLabelID>USERID</szLabelID>
        <nTimeZoneUse>0</nTimeZoneUse>
        <szTimeZoneFieldName></szTimeZoneFieldName>
        <nCurrencyCtlUse>0</nCurrencyCtlUse>
        <szLongName>User ID</szLongName>
        <szShortName>User</szShortName>
        <fStatus>0</fStatus>
        <nLangCount>0</nLangCount>
        <hLang>HANDLE</hLang>
        <nContextLabelCount>0</nContextLabelCount>
        <hDBFldContextLabel>HANDLE</hDBFldContextLabel>
      </row>
    </rowset>
  </instance>
  <instance class="FIELD">
    <rowset name="Field" size="936" count="1">
      <row>
        <szLastUpdDttm>2011-11-23-16.09.22.000000</szLastUpdDttm>
        <szLastUpdOprId>jyothirmayi.patnayakuni</szLastUpdOprId>
        <szObjectOwnerID></szObjectOwnerID>
        <nUseCount>1</nUseCount>
        <bUseUpdate>1</bUseUpdate>
        <lVersion>1</lVersion>
        <lSwapVersion>0</lSwapVersion>
        <nSwapNum>0</nSwapNum>
        <szFieldName>REASON_SG</szFieldName>
        <szLanguageCd>ENG</szLanguageCd>
        <eFieldType>0</eFieldType>
        <nLength>10</nLength>
        <nDecimalPos>0</nDecimalPos>
        <eFormat>0</eFormat>
        <nFormatLength>0</nFormatLength>
        <eImgFmt>0</eImgFmt>
        <szFormatFamily></szFormatFamily>
        <szDispFmtName></szDispFmtName>
        <nDefCntryYr>50</nDefCntryYr>
        <nIMEMode>0</nIMEMode>
        <nKeyboardLayout>0</nKeyboardLayout>
        <nNotUsed>0</nNotUsed>
        <fAuxFlagMask>0</fAuxFlagMask>
        <nDescrLongLen>298</nDescrLongLen>
        <hDescrLong> HANDLE
          <rowset name="char" size="298" count="1">
            <row>
              <hDescrLong>CO#715050
Jyothirmayi Patnayakuni, 15-Sep-2011
This REASON_SG is a created to hold the reason information as part of the switch user functionality.</hDescrLong>
            </row>
          </rowset>
        </hDescrLong>
        <nLabelCount>1</nLabelCount>
        <hDBFldLabel> HANDLE
          <rowset name="DBFldLabel" size="264" count="1">
            <row>
              <szLabelID>REASON_SG</szLabelID>
              <szLongName>Reason_SG</szLongName>
              <szShortName>Reason_SG</szShortName>
              <bIsDefault>1</bIsDefault>
              <szLastUpdDttm>2011-11-23-16.09.22.000000</szLastUpdDttm>
              <szLastUpdOprId>jyothirmayi.patnayakuni</szLastUpdOprId>
              <nLangCount>0</nLangCount>
              <hLang>HANDLE</hLang>
            </row>
          </rowset>
        </hDBFldLabel>
        <szDefRecName></szDefRecName>
        <szDefFieldName></szDefFieldName>
        <szCurCtlFieldName></szCurCtlFieldName>
        <fUseEdit>0</fUseEdit>
        <fUseEdit2>0</fUseEdit2>
        <szEditTable></szEditTable>
        <nDefGUICtl>0</nDefGUICtl>
        <szSetCntrlFld></szSetCntrlFld>
        <szLabelID>REASON_SG</szLabelID>
        <nTimeZoneUse>0</nTimeZoneUse>
        <szTimeZoneFieldName></szTimeZoneFieldName>
        <nCurrencyCtlUse>0</nCurrencyCtlUse>
        <szLongName>Reason_SG</szLongName>
        <szShortName>Reason_SG</szShortName>
        <fStatus>0</fStatus>
        <nLangCount>0</nLangCount>
        <hLang>HANDLE</hLang>
        <nContextLabelCount>0</nContextLabelCount>
        <hDBFldContextLabel>HANDLE</hDBFldContextLabel>
      </row>
    </rowset>
  </instance>
  <instance class="FIELD">
    <rowset name="Field" size="936" count="1">
      <row>
        <szLastUpdDttm>2000-03-01-19.04.33.000000</szLastUpdDttm>
        <szLastUpdOprId>PPLSOFT</szLastUpdOprId>
        <szObjectOwnerID>FDM</szObjectOwnerID>
        <nUseCount>1</nUseCount>
        <bUseUpdate>1</bUseUpdate>
        <lVersion>1</lVersion>
        <lSwapVersion>0</lSwapVersion>
        <nSwapNum>0</nSwapNum>
        <szFieldName>ACTION1_PB</szFieldName>
        <szLanguageCd>ENG</szLanguageCd>
        <eFieldType>0</eFieldType>
        <nLength>1</nLength>
        <nDecimalPos>0</nDecimalPos>
        <eFormat>0</eFormat>
        <nFormatLength>0</nFormatLength>
        <eImgFmt>0</eImgFmt>
        <szFormatFamily></szFormatFamily>
        <szDispFmtName></szDispFmtName>
        <nDefCntryYr>50</nDefCntryYr>
        <nIMEMode>0</nIMEMode>
        <nKeyboardLayout>0</nKeyboardLayout>
        <nNotUsed>0</nNotUsed>
        <fAuxFlagMask>0</fAuxFlagMask>
        <nDescrLongLen>0</nDescrLongLen>
        <hDescrLong>HANDLE</hDescrLong>
        <nLabelCount>1</nLabelCount>
        <hDBFldLabel> HANDLE
          <rowset name="DBFldLabel" size="264" count="1">
            <row>
              <szLabelID>GOTO_ACTIONS</szLabelID>
              <szLongName>Actions</szLongName>
              <szShortName>Actions</szShortName>
              <bIsDefault>1</bIsDefault>
              <szLastUpdDttm>2000-03-01-19.04.33.000000</szLastUpdDttm>
              <szLastUpdOprId>PPLSOFT</szLastUpdOprId>
              <nLangCount>0</nLangCount>
              <hLang>HANDLE</hLang>
            </row>
          </rowset>
        </hDBFldLabel>
        <szDefRecName></szDefRecName>
        <szDefFieldName></szDefFieldName>
        <szCurCtlFieldName></szCurCtlFieldName>
        <fUseEdit>0</fUseEdit>
        <fUseEdit2>0</fUseEdit2>
        <szEditTable></szEditTable>
        <nDefGUICtl>0</nDefGUICtl>
        <szSetCntrlFld></szSetCntrlFld>
        <szLabelID>GOTO_ACTIONS</szLabelID>
        <nTimeZoneUse>0</nTimeZoneUse>
        <szTimeZoneFieldName></szTimeZoneFieldName>
        <nCurrencyCtlUse>0</nCurrencyCtlUse>
        <szLongName>Actions</szLongName>
        <szShortName>Actions</szShortName>
        <fStatus>0</fStatus>
        <nLangCount>0</nLangCount>
        <hLang>HANDLE</hLang>
        <nContextLabelCount>0</nContextLabelCount>
        <hDBFldContextLabel>HANDLE</hDBFldContextLabel>
      </row>
    </rowset>
  </instance>
  <instance class="FIELD">
    <rowset name="Field" size="936" count="1">
      <row>
        <szLastUpdDttm>2000-03-01-19.04.33.000000</szLastUpdDttm>
        <szLastUpdOprId>PPLSOFT</szLastUpdOprId>
        <szObjectOwnerID>FDM</szObjectOwnerID>
        <nUseCount>1</nUseCount>
        <bUseUpdate>1</bUseUpdate>
        <lVersion>1</lVersion>
        <lSwapVersion>0</lSwapVersion>
        <nSwapNum>0</nSwapNum>
        <szFieldName>ACTION2_PB</szFieldName>
        <szLanguageCd>ENG</szLanguageCd>
        <eFieldType>0</eFieldType>
        <nLength>1</nLength>
        <nDecimalPos>0</nDecimalPos>
        <eFormat>0</eFormat>
        <nFormatLength>0</nFormatLength>
        <eImgFmt>0</eImgFmt>
        <szFormatFamily></szFormatFamily>
        <szDispFmtName></szDispFmtName>
        <nDefCntryYr>50</nDefCntryYr>
        <nIMEMode>0</nIMEMode>
        <nKeyboardLayout>0</nKeyboardLayout>
        <nNotUsed>0</nNotUsed>
        <fAuxFlagMask>0</fAuxFlagMask>
        <nDescrLongLen>0</nDescrLongLen>
        <hDescrLong>HANDLE</hDescrLong>
        <nLabelCount>1</nLabelCount>
        <hDBFldLabel> HANDLE
          <rowset name="DBFldLabel" size="264" count="1">
            <row>
              <szLabelID>GOTO_ACTIONS</szLabelID>
              <szLongName>Actions</szLongName>
              <szShortName>Actions</szShortName>
              <bIsDefault>1</bIsDefault>
              <szLastUpdDttm>2000-03-01-19.04.33.000000</szLastUpdDttm>
              <szLastUpdOprId>PPLSOFT</szLastUpdOprId>
              <nLangCount>0</nLangCount>
              <hLang>HANDLE</hLang>
            </row>
          </rowset>
        </hDBFldLabel>
        <szDefRecName></szDefRecName>
        <szDefFieldName></szDefFieldName>
        <szCurCtlFieldName></szCurCtlFieldName>
        <fUseEdit>0</fUseEdit>
        <fUseEdit2>0</fUseEdit2>
        <szEditTable></szEditTable>
        <nDefGUICtl>0</nDefGUICtl>
        <szSetCntrlFld></szSetCntrlFld>
        <szLabelID>GOTO_ACTIONS</szLabelID>
        <nTimeZoneUse>0</nTimeZoneUse>
        <szTimeZoneFieldName></szTimeZoneFieldName>
        <nCurrencyCtlUse>0</nCurrencyCtlUse>
        <szLongName>Actions</szLongName>
        <szShortName>Actions</szShortName>
        <fStatus>0</fStatus>
        <nLangCount>0</nLangCount>
        <hLang>HANDLE</hLang>
        <nContextLabelCount>0</nContextLabelCount>
        <hDBFldContextLabel>HANDLE</hDBFldContextLabel>
      </row>
    </rowset>
  </instance>
  <instance class="FIELD">
    <rowset name="Field" size="936" count="1">
      <row>
        <szLastUpdDttm>2000-11-29-00.00.00.000000</szLastUpdDttm>
        <szLastUpdOprId>PPLSOFT</szLastUpdOprId>
        <szObjectOwnerID></szObjectOwnerID>
        <nUseCount>1</nUseCount>
        <bUseUpdate>1</bUseUpdate>
        <lVersion>1</lVersion>
        <lSwapVersion>0</lSwapVersion>
        <nSwapNum>0</nSwapNum>
        <szFieldName>LAST_OPRID</szFieldName>
        <szLanguageCd>ENG</szLanguageCd>
        <eFieldType>0</eFieldType>
        <nLength>30</nLength>
        <nDecimalPos>0</nDecimalPos>
        <eFormat>0</eFormat>
        <nFormatLength>0</nFormatLength>
        <eImgFmt>0</eImgFmt>
        <szFormatFamily></szFormatFamily>
        <szDispFmtName></szDispFmtName>
        <nDefCntryYr>50</nDefCntryYr>
        <nIMEMode>0</nIMEMode>
        <nKeyboardLayout>0</nKeyboardLayout>
        <nNotUsed>0</nNotUsed>
        <fAuxFlagMask>0</fAuxFlagMask>
        <nDescrLongLen>60</nDescrLongLen>
        <hDescrLong> HANDLE
          <rowset name="char" size="60" count="1">
            <row>
              <hDescrLong>Last Response Operator        </hDescrLong>
            </row>
          </rowset>
        </hDescrLong>
        <nLabelCount>2</nLabelCount>
        <hDBFldLabel> HANDLE
          <rowset name="DBFldLabel" size="528" count="2">
            <row>
              <szLabelID>USER_ID</szLabelID>
              <szLongName>Last User ID</szLongName>
              <szShortName>Last User ID</szShortName>
              <bIsDefault>0</bIsDefault>
              <szLastUpdDttm>2000-11-29-00.00.00.000000</szLastUpdDttm>
              <szLastUpdOprId>PPLSOFT</szLastUpdOprId>
              <nLangCount>0</nLangCount>
              <hLang>HANDLE</hLang>
            </row>
            <row>
              <szLabelID>LAST_OPRID</szLabelID>
              <szLongName>Last Response Operator</szLongName>
              <szShortName>Last OprID</szShortName>
              <bIsDefault>1</bIsDefault>
              <szLastUpdDttm>2000-11-29-00.00.00.000000</szLastUpdDttm>
              <szLastUpdOprId>PPLSOFT</szLastUpdOprId>
              <nLangCount>0</nLangCount>
              <hLang>HANDLE</hLang>
            </row>
          </rowset>
        </hDBFldLabel>
        <szDefRecName></szDefRecName>
        <szDefFieldName></szDefFieldName>
        <szCurCtlFieldName></szCurCtlFieldName>
        <fUseEdit>0</fUseEdit>
        <fUseEdit2>0</fUseEdit2>
        <szEditTable></szEditTable>
        <nDefGUICtl>0</nDefGUICtl>
        <szSetCntrlFld></szSetCntrlFld>
        <szLabelID>LAST_OPRID</szLabelID>
        <nTimeZoneUse>0</nTimeZoneUse>
        <szTimeZoneFieldName></szTimeZoneFieldName>
        <nCurrencyCtlUse>0</nCurrencyCtlUse>
        <szLongName>Last Response Operator</szLongName>
        <szShortName>Last OprID</szShortName>
        <fStatus>0</fStatus>
        <nLangCount>0</nLangCount>
        <hLang>HANDLE</hLang>
        <nContextLabelCount>0</nContextLabelCount>
        <hDBFldContextLabel>HANDLE</hDBFldContextLabel>
      </row>
    </rowset>
  </instance>
