<?xml version='1.0'?>
  <!--Warning : Don't edit this file -->
  <instance class="PJM">
    <rowset name="PjmDefn" size="2832" count="1">
      <row>
        <szLastUpdDttm>2016-02-22-14.06.56.981528</szLastUpdDttm>
        <szLastUpdOprId>ayoub.mokhtari</szLastUpdOprId>
        <szObjectOwnerID></szObjectOwnerID>
        <nUseCount>1</nUseCount>
        <bUseUpdate>1</bUseUpdate>
        <lVersion>1</lVersion>
        <lSwapVersion>0</lSwapVersion>
        <nSwapNum>0</nSwapNum>
        <szProjectName>SG_LOT1049</szProjectName>
        <szLanguageCd>ENG</szLanguageCd>
        <szProjectDescr>CO1494620_Store_SQLCheck</szProjectDescr>
        <szSrcDBName>COEPRF01</szSrcDBName>
        <szSrcOprId>adil.louski</szSrcOprId>
        <szSessionId>993b8e4b-c147-11e6-b8ea-eeb2d3a2c043</szSessionId>
        <szRunDtTm>2016-12-13-16.19.53.869116</szRunDtTm>
        <szTgtServerName></szTgtServerName>
        <szTgtDBName>COEPRD11</szTgtDBName>
        <szTgtOprId>ayoub.mokhtari</szTgtOprId>
        <fReportFilter>16232832</fReportFilter>
        <eTargetOrientation>0</eTargetOrientation>
        <eCompareType>1</eCompareType>
        <fKeepTgt>31</fKeepTgt>
        <nCommitLimit>50</nCommitLimit>
        <szCompRelease>Financials/SCM 8.90.00.000</szCompRelease>
        <szCompRelDttm></szCompRelDttm>
        <bMaintenanceProject>0</bMaintenanceProject>
        <bUseDbFieldNameAttrib>0</bUseDbFieldNameAttrib>
        <szReleaseLabel></szReleaseLabel>
        <szReleaseDttm></szReleaseDttm>
        <nDescrLongLen>48</nDescrLongLen>
        <hDescrLong> HANDLE
          <rowset name="char" size="48" count="1">
            <row>
              <hDescrLong>CO1494620_Store_SQLCheck</hDescrLong>
            </row>
          </rowset>
        </hDescrLong>
        <nProjectCount>13</nProjectCount>
        <lpPit> POINTER
          <rowset name="PjmPit" size="11128" count="13">
            <row>
              <eObjectType>0</eObjectType>
              <szObjectValue_0>MEE_CHECK_SG</szObjectValue_0>
              <szObjectValue_1></szObjectValue_1>
              <szObjectValue_2></szObjectValue_2>
              <szObjectValue_3></szObjectValue_3>
              <eObjectID_0>1</eObjectID_0>
              <eObjectID_1>0</eObjectID_1>
              <eObjectID_2>0</eObjectID_2>
              <eObjectID_3>0</eObjectID_3>
              <bExecute>0</bExecute>
              <eSourceStatus>4</eSourceStatus>
              <eTargetStatus>1</eTargetStatus>
              <eUpgradeAction>0</eUpgradeAction>
              <bTakeAction>1</bTakeAction>
              <bCopyDone>0</bCopyDone>
              <eRowStatus>3</eRowStatus>
            </row>
            <row>
              <eObjectType>0</eObjectType>
              <szObjectValue_0>MEE_CHECK_VW_SG</szObjectValue_0>
              <szObjectValue_1></szObjectValue_1>
              <szObjectValue_2></szObjectValue_2>
              <szObjectValue_3></szObjectValue_3>
              <eObjectID_0>1</eObjectID_0>
              <eObjectID_1>0</eObjectID_1>
              <eObjectID_2>0</eObjectID_2>
              <eObjectID_3>0</eObjectID_3>
              <bExecute>0</bExecute>
              <eSourceStatus>4</eSourceStatus>
              <eTargetStatus>1</eTargetStatus>
              <eUpgradeAction>0</eUpgradeAction>
              <bTakeAction>1</bTakeAction>
              <bCopyDone>0</bCopyDone>
              <eRowStatus>3</eRowStatus>
            </row>
            <row>
              <eObjectType>2</eObjectType>
              <szObjectValue_0>CONTEXT_SG</szObjectValue_0>
              <szObjectValue_1></szObjectValue_1>
              <szObjectValue_2></szObjectValue_2>
              <szObjectValue_3></szObjectValue_3>
              <eObjectID_0>6</eObjectID_0>
              <eObjectID_1>0</eObjectID_1>
              <eObjectID_2>0</eObjectID_2>
              <eObjectID_3>0</eObjectID_3>
              <bExecute>0</bExecute>
              <eSourceStatus>4</eSourceStatus>
              <eTargetStatus>1</eTargetStatus>
              <eUpgradeAction>0</eUpgradeAction>
              <bTakeAction>1</bTakeAction>
              <bCopyDone>0</bCopyDone>
              <eRowStatus>3</eRowStatus>
            </row>
            <row>
              <eObjectType>2</eObjectType>
              <szObjectValue_0>CO_NUM_SG</szObjectValue_0>
              <szObjectValue_1></szObjectValue_1>
              <szObjectValue_2></szObjectValue_2>
              <szObjectValue_3></szObjectValue_3>
              <eObjectID_0>6</eObjectID_0>
              <eObjectID_1>0</eObjectID_1>
              <eObjectID_2>0</eObjectID_2>
              <eObjectID_3>0</eObjectID_3>
              <bExecute>0</bExecute>
              <eSourceStatus>4</eSourceStatus>
              <eTargetStatus>1</eTargetStatus>
              <eUpgradeAction>0</eUpgradeAction>
              <bTakeAction>1</bTakeAction>
              <bCopyDone>0</bCopyDone>
              <eRowStatus>3</eRowStatus>
            </row>
            <row>
              <eObjectType>2</eObjectType>
              <szObjectValue_0>DATE_STAMP</szObjectValue_0>
              <szObjectValue_1></szObjectValue_1>
              <szObjectValue_2></szObjectValue_2>
              <szObjectValue_3></szObjectValue_3>
              <eObjectID_0>6</eObjectID_0>
              <eObjectID_1>0</eObjectID_1>
              <eObjectID_2>0</eObjectID_2>
              <eObjectID_3>0</eObjectID_3>
              <bExecute>0</bExecute>
              <eSourceStatus>6</eSourceStatus>
              <eTargetStatus>6</eTargetStatus>
              <eUpgradeAction>2</eUpgradeAction>
              <bTakeAction>0</bTakeAction>
              <bCopyDone>0</bCopyDone>
              <eRowStatus>3</eRowStatus>
            </row>
            <row>
              <eObjectType>2</eObjectType>
              <szObjectValue_0>DESCR_CONTROL</szObjectValue_0>
              <szObjectValue_1></szObjectValue_1>
              <szObjectValue_2></szObjectValue_2>
              <szObjectValue_3></szObjectValue_3>
              <eObjectID_0>6</eObjectID_0>
              <eObjectID_1>0</eObjectID_1>
              <eObjectID_2>0</eObjectID_2>
              <eObjectID_3>0</eObjectID_3>
              <bExecute>0</bExecute>
              <eSourceStatus>6</eSourceStatus>
              <eTargetStatus>6</eTargetStatus>
              <eUpgradeAction>2</eUpgradeAction>
              <bTakeAction>0</bTakeAction>
              <bCopyDone>0</bCopyDone>
              <eRowStatus>3</eRowStatus>
            </row>
            <row>
              <eObjectType>2</eObjectType>
              <szObjectValue_0>EXEC_TIME</szObjectValue_0>
              <szObjectValue_1></szObjectValue_1>
              <szObjectValue_2></szObjectValue_2>
              <szObjectValue_3></szObjectValue_3>
              <eObjectID_0>6</eObjectID_0>
              <eObjectID_1>0</eObjectID_1>
              <eObjectID_2>0</eObjectID_2>
              <eObjectID_3>0</eObjectID_3>
              <bExecute>0</bExecute>
              <eSourceStatus>4</eSourceStatus>
              <eTargetStatus>1</eTargetStatus>
              <eUpgradeAction>0</eUpgradeAction>
              <bTakeAction>1</bTakeAction>
              <bCopyDone>0</bCopyDone>
              <eRowStatus>3</eRowStatus>
            </row>
            <row>
              <eObjectType>2</eObjectType>
              <szObjectValue_0>NB_INVALID_SG</szObjectValue_0>
              <szObjectValue_1></szObjectValue_1>
              <szObjectValue_2></szObjectValue_2>
              <szObjectValue_3></szObjectValue_3>
              <eObjectID_0>6</eObjectID_0>
              <eObjectID_1>0</eObjectID_1>
              <eObjectID_2>0</eObjectID_2>
              <eObjectID_3>0</eObjectID_3>
              <bExecute>0</bExecute>
              <eSourceStatus>4</eSourceStatus>
              <eTargetStatus>1</eTargetStatus>
              <eUpgradeAction>0</eUpgradeAction>
              <bTakeAction>1</bTakeAction>
              <bCopyDone>0</bCopyDone>
              <eRowStatus>3</eRowStatus>
            </row>
            <row>
              <eObjectType>2</eObjectType>
              <szObjectValue_0>NB_VALID_SG</szObjectValue_0>
              <szObjectValue_1></szObjectValue_1>
              <szObjectValue_2></szObjectValue_2>
              <szObjectValue_3></szObjectValue_3>
              <eObjectID_0>6</eObjectID_0>
              <eObjectID_1>0</eObjectID_1>
              <eObjectID_2>0</eObjectID_2>
              <eObjectID_3>0</eObjectID_3>
              <bExecute>0</bExecute>
              <eSourceStatus>4</eSourceStatus>
              <eTargetStatus>1</eTargetStatus>
              <eUpgradeAction>0</eUpgradeAction>
              <bTakeAction>1</bTakeAction>
              <bCopyDone>0</bCopyDone>
              <eRowStatus>3</eRowStatus>
            </row>
            <row>
              <eObjectType>2</eObjectType>
              <szObjectValue_0>RELEASE_ID_SG</szObjectValue_0>
              <szObjectValue_1></szObjectValue_1>
              <szObjectValue_2></szObjectValue_2>
              <szObjectValue_3></szObjectValue_3>
              <eObjectID_0>6</eObjectID_0>
              <eObjectID_1>0</eObjectID_1>
              <eObjectID_2>0</eObjectID_2>
              <eObjectID_3>0</eObjectID_3>
              <bExecute>0</bExecute>
              <eSourceStatus>4</eSourceStatus>
              <eTargetStatus>1</eTargetStatus>
              <eUpgradeAction>0</eUpgradeAction>
              <bTakeAction>1</bTakeAction>
              <bCopyDone>0</bCopyDone>
              <eRowStatus>3</eRowStatus>
            </row>
            <row>
              <eObjectType>2</eObjectType>
              <szObjectValue_0>RESULTS</szObjectValue_0>
              <szObjectValue_1></szObjectValue_1>
              <szObjectValue_2></szObjectValue_2>
              <szObjectValue_3></szObjectValue_3>
              <eObjectID_0>6</eObjectID_0>
              <eObjectID_1>0</eObjectID_1>
              <eObjectID_2>0</eObjectID_2>
              <eObjectID_3>0</eObjectID_3>
              <bExecute>0</bExecute>
              <eSourceStatus>6</eSourceStatus>
              <eTargetStatus>6</eTargetStatus>
              <eUpgradeAction>2</eUpgradeAction>
              <bTakeAction>0</bTakeAction>
              <bCopyDone>0</bCopyDone>
              <eRowStatus>3</eRowStatus>
            </row>
            <row>
              <eObjectType>2</eObjectType>
              <szObjectValue_0>STATUS</szObjectValue_0>
              <szObjectValue_1></szObjectValue_1>
              <szObjectValue_2></szObjectValue_2>
              <szObjectValue_3></szObjectValue_3>
              <eObjectID_0>6</eObjectID_0>
              <eObjectID_1>0</eObjectID_1>
              <eObjectID_2>0</eObjectID_2>
              <eObjectID_3>0</eObjectID_3>
              <bExecute>0</bExecute>
              <eSourceStatus>6</eSourceStatus>
              <eTargetStatus>6</eTargetStatus>
              <eUpgradeAction>2</eUpgradeAction>
              <bTakeAction>0</bTakeAction>
              <bCopyDone>0</bCopyDone>
              <eRowStatus>3</eRowStatus>
            </row>
            <row>
              <eObjectType>30</eObjectType>
              <szObjectValue_0>MEE_CHECK_VW_SG</szObjectValue_0>
              <szObjectValue_1>2</szObjectValue_1>
              <szObjectValue_2></szObjectValue_2>
              <szObjectValue_3></szObjectValue_3>
              <eObjectID_0>65</eObjectID_0>
              <eObjectID_1>81</eObjectID_1>
              <eObjectID_2>0</eObjectID_2>
              <eObjectID_3>0</eObjectID_3>
              <bExecute>0</bExecute>
              <eSourceStatus>4</eSourceStatus>
              <eTargetStatus>1</eTargetStatus>
              <eUpgradeAction>0</eUpgradeAction>
              <bTakeAction>1</bTakeAction>
              <bCopyDone>0</bCopyDone>
              <eRowStatus>3</eRowStatus>
            </row>
          </rowset>
        </lpPit>
        <nAdsBindingCount>0</nAdsBindingCount>
        <pPrjAdsBinding>POINTER</pPrjAdsBinding>
        <bCopyAllSec>1</bCopyAllSec>
        <bCompAllSec>1</bCompAllSec>
        <nSecCount>70</nSecCount>
        <lpSec> POINTER
          <rowset name="PjmSec" size="1400" count="70">
            <row>
              <eProcessType>0</eProcessType>
              <szSectionName>COMMON</szSectionName>
            </row>
            <row>
              <eProcessType>0</eProcessType>
              <szSectionName>ARA</szSectionName>
            </row>
            <row>
              <eProcessType>0</eProcessType>
              <szSectionName>BUL</szSectionName>
            </row>
            <row>
              <eProcessType>0</eProcessType>
              <szSectionName>CFR</szSectionName>
            </row>
            <row>
              <eProcessType>0</eProcessType>
              <szSectionName>CRO</szSectionName>
            </row>
            <row>
              <eProcessType>0</eProcessType>
              <szSectionName>CZE</szSectionName>
            </row>
            <row>
              <eProcessType>0</eProcessType>
              <szSectionName>DAN</szSectionName>
            </row>
            <row>
              <eProcessType>0</eProcessType>
              <szSectionName>DUT</szSectionName>
            </row>
            <row>
              <eProcessType>0</eProcessType>
              <szSectionName>ENG</szSectionName>
            </row>
            <row>
              <eProcessType>0</eProcessType>
              <szSectionName>ESP</szSectionName>
            </row>
            <row>
              <eProcessType>0</eProcessType>
              <szSectionName>FIN</szSectionName>
            </row>
            <row>
              <eProcessType>0</eProcessType>
              <szSectionName>FRA</szSectionName>
            </row>
            <row>
              <eProcessType>0</eProcessType>
              <szSectionName>GER</szSectionName>
            </row>
            <row>
              <eProcessType>0</eProcessType>
              <szSectionName>GRK</szSectionName>
            </row>
            <row>
              <eProcessType>0</eProcessType>
              <szSectionName>HEB</szSectionName>
            </row>
            <row>
              <eProcessType>0</eProcessType>
              <szSectionName>HUN</szSectionName>
            </row>
            <row>
              <eProcessType>0</eProcessType>
              <szSectionName>ITA</szSectionName>
            </row>
            <row>
              <eProcessType>0</eProcessType>
              <szSectionName>JPN</szSectionName>
            </row>
            <row>
              <eProcessType>0</eProcessType>
              <szSectionName>KOR</szSectionName>
            </row>
            <row>
              <eProcessType>0</eProcessType>
              <szSectionName>MAY</szSectionName>
            </row>
            <row>
              <eProcessType>0</eProcessType>
              <szSectionName>NOR</szSectionName>
            </row>
            <row>
              <eProcessType>0</eProcessType>
              <szSectionName>POL</szSectionName>
            </row>
            <row>
              <eProcessType>0</eProcessType>
              <szSectionName>POR</szSectionName>
            </row>
            <row>
              <eProcessType>0</eProcessType>
              <szSectionName>ROM</szSectionName>
            </row>
            <row>
              <eProcessType>0</eProcessType>
              <szSectionName>RUS</szSectionName>
            </row>
            <row>
              <eProcessType>0</eProcessType>
              <szSectionName>SER</szSectionName>
            </row>
            <row>
              <eProcessType>0</eProcessType>
              <szSectionName>SLK</szSectionName>
            </row>
            <row>
              <eProcessType>0</eProcessType>
              <szSectionName>SLV</szSectionName>
            </row>
            <row>
              <eProcessType>0</eProcessType>
              <szSectionName>SVE</szSectionName>
            </row>
            <row>
              <eProcessType>0</eProcessType>
              <szSectionName>THA</szSectionName>
            </row>
            <row>
              <eProcessType>0</eProcessType>
              <szSectionName>TUR</szSectionName>
            </row>
            <row>
              <eProcessType>0</eProcessType>
              <szSectionName>UKE</szSectionName>
            </row>
            <row>
              <eProcessType>0</eProcessType>
              <szSectionName>VIE</szSectionName>
            </row>
            <row>
              <eProcessType>0</eProcessType>
              <szSectionName>ZHS</szSectionName>
            </row>
            <row>
              <eProcessType>0</eProcessType>
              <szSectionName>ZHT</szSectionName>
            </row>
            <row>
              <eProcessType>2</eProcessType>
              <szSectionName>COMMON</szSectionName>
            </row>
            <row>
              <eProcessType>2</eProcessType>
              <szSectionName>ARA</szSectionName>
            </row>
            <row>
              <eProcessType>2</eProcessType>
              <szSectionName>BUL</szSectionName>
            </row>
            <row>
              <eProcessType>2</eProcessType>
              <szSectionName>CFR</szSectionName>
            </row>
            <row>
              <eProcessType>2</eProcessType>
              <szSectionName>CRO</szSectionName>
            </row>
            <row>
              <eProcessType>2</eProcessType>
              <szSectionName>CZE</szSectionName>
            </row>
            <row>
              <eProcessType>2</eProcessType>
              <szSectionName>DAN</szSectionName>
            </row>
            <row>
              <eProcessType>2</eProcessType>
              <szSectionName>DUT</szSectionName>
            </row>
            <row>
              <eProcessType>2</eProcessType>
              <szSectionName>ENG</szSectionName>
            </row>
            <row>
              <eProcessType>2</eProcessType>
              <szSectionName>ESP</szSectionName>
            </row>
            <row>
              <eProcessType>2</eProcessType>
              <szSectionName>FIN</szSectionName>
            </row>
            <row>
              <eProcessType>2</eProcessType>
              <szSectionName>FRA</szSectionName>
            </row>
            <row>
              <eProcessType>2</eProcessType>
              <szSectionName>GER</szSectionName>
            </row>
            <row>
              <eProcessType>2</eProcessType>
              <szSectionName>GRK</szSectionName>
            </row>
            <row>
              <eProcessType>2</eProcessType>
              <szSectionName>HEB</szSectionName>
            </row>
            <row>
              <eProcessType>2</eProcessType>
              <szSectionName>HUN</szSectionName>
            </row>
            <row>
              <eProcessType>2</eProcessType>
              <szSectionName>ITA</szSectionName>
            </row>
            <row>
              <eProcessType>2</eProcessType>
              <szSectionName>JPN</szSectionName>
            </row>
            <row>
              <eProcessType>2</eProcessType>
              <szSectionName>KOR</szSectionName>
            </row>
            <row>
              <eProcessType>2</eProcessType>
              <szSectionName>MAY</szSectionName>
            </row>
            <row>
              <eProcessType>2</eProcessType>
              <szSectionName>NOR</szSectionName>
            </row>
            <row>
              <eProcessType>2</eProcessType>
              <szSectionName>POL</szSectionName>
            </row>
            <row>
              <eProcessType>2</eProcessType>
              <szSectionName>POR</szSectionName>
            </row>
            <row>
              <eProcessType>2</eProcessType>
              <szSectionName>ROM</szSectionName>
            </row>
            <row>
              <eProcessType>2</eProcessType>
              <szSectionName>RUS</szSectionName>
            </row>
            <row>
              <eProcessType>2</eProcessType>
              <szSectionName>SER</szSectionName>
            </row>
            <row>
              <eProcessType>2</eProcessType>
              <szSectionName>SLK</szSectionName>
            </row>
            <row>
              <eProcessType>2</eProcessType>
              <szSectionName>SLV</szSectionName>
            </row>
            <row>
              <eProcessType>2</eProcessType>
              <szSectionName>SVE</szSectionName>
            </row>
            <row>
              <eProcessType>2</eProcessType>
              <szSectionName>THA</szSectionName>
            </row>
            <row>
              <eProcessType>2</eProcessType>
              <szSectionName>TUR</szSectionName>
            </row>
            <row>
              <eProcessType>2</eProcessType>
              <szSectionName>UKE</szSectionName>
            </row>
            <row>
              <eProcessType>2</eProcessType>
              <szSectionName>VIE</szSectionName>
            </row>
            <row>
              <eProcessType>2</eProcessType>
              <szSectionName>ZHS</szSectionName>
            </row>
            <row>
              <eProcessType>2</eProcessType>
              <szSectionName>ZHT</szSectionName>
            </row>
          </rowset>
        </lpSec>
        <nIncCount>0</nIncCount>
        <lpInc>POINTER</lpInc>
        <nDepCount>0</nDepCount>
        <lpDep>POINTER</lpDep>
        <nLangCount>0</nLangCount>
        <hLang>HANDLE</hLang>
      </row>
    </rowset>
  </instance>
  <instance class="RDM">
    <rowset name="RecDefn" size="920" count="1">
      <row>
        <szLastUpdDttm>2016-02-22-14.06.57.981062</szLastUpdDttm>
        <szLastUpdOprId>sindhu.d</szLastUpdOprId>
        <szObjectOwnerID></szObjectOwnerID>
        <nUseCount>1</nUseCount>
        <bUseUpdate>1</bUseUpdate>
        <lVersion>1</lVersion>
        <lSwapVersion>1</lSwapVersion>
        <nSwapNum>0</nSwapNum>
        <szRecName>MEE_CHECK_SG</szRecName>
        <szLanguageCd>ENG</szLanguageCd>
        <fFlags>0</fFlags>
        <fAuxFlagMask>0</fAuxFlagMask>
        <nFieldCount>7</nFieldCount>
        <eRecType>0</eRecType>
        <fRecUse>0</fRecUse>
        <cOptTrigFlag>N</cOptTrigFlag>
        <szAuditRecName></szAuditRecName>
        <szSetCntrlFld></szSetCntrlFld>
        <szRelLangRecName></szRelLangRecName>
        <szOptDelRecName></szOptDelRecName>
        <szParentRecName></szParentRecName>
        <szQrySecRecName></szQrySecRecName>
        <szSqlTableName></szSqlTableName>
        <nBuildSeqNo>1</nBuildSeqNo>
        <szRecDescr>stores the result of the sql</szRecDescr>
        <hAltDefn>HANDLE</hAltDefn>
        <nDescrLongLen>184</nDescrLongLen>
        <hDescrLong> HANDLE
          <rowset name="char" size="184" count="1">
            <row>
              <hDescrLong>store the result of the sql check launched when a release is delivered into an environement.</hDescrLong>
            </row>
          </rowset>
        </hDescrLong>
        <hRft> HANDLE
          <rowset name="RecField" size="2912" count="7">
            <row>
              <fStatus>0</fStatus>
              <atmFieldName>RELEASE_ID_SG</atmFieldName>
              <eFieldType>0</eFieldType>
              <nLength>20</nLength>
              <nDecimalPos>0</nDecimalPos>
              <eFormat>0</eFormat>
              <nFormatLength>0</nFormatLength>
              <eImgFmt>0</eImgFmt>
              <atmFormatFamily></atmFormatFamily>
              <atmDispFmtName></atmDispFmtName>
              <nDefCntryYr>50</nDefCntryYr>
              <nIMEMode>0</nIMEMode>
              <nKeyboardLayout>0</nKeyboardLayout>
              <szObjectOwnerID></szObjectOwnerID>
              <szLastUpdDttm>2016-01-28-07.39.55.821199</szLastUpdDttm>
              <szLastUpdOprId>sindhu.d</szLastUpdOprId>
              <nDescrLongLen>0</nDescrLongLen>
              <hDescrLong>HANDLE</hDescrLong>
              <nLabelCount>1</nLabelCount>
              <hDBFldLabel> HANDLE
                <rowset name="DBFldLabel" size="32" count="1">
                  <row>
                    <atmLabelID>RELEASE_ID_SG</atmLabelID>
                    <atmLongName>RELEASE_ID_SG</atmLongName>
                    <atmShortName>RELEASE_ID_SG</atmShortName>
                    <bIsDefault>1</bIsDefault>
                  </row>
                </rowset>
              </hDBFldLabel>
              <nOrgLabelCount>0</nOrgLabelCount>
              <hOrgDBFldLabel>HANDLE</hOrgDBFldLabel>
              <nNotUsed>0</nNotUsed>
              <fAuxFlagMask>0</fAuxFlagMask>
              <atmDefRecName></atmDefRecName>
              <atmDefFieldName></atmDefFieldName>
              <atmCurCtlFieldName></atmCurCtlFieldName>
              <fUseEdit>8388865</fUseEdit>
              <fUseEdit2>0</fUseEdit2>
              <atmEditTable></atmEditTable>
              <nDefGUICtl>99</nDefGUICtl>
              <atmSetCntrlFld></atmSetCntrlFld>
              <atmLabelID></atmLabelID>
              <nTimeZoneUse>0</nTimeZoneUse>
              <atmTimeZoneFieldName></atmTimeZoneFieldName>
              <nCurrencyCtlUse>0</nCurrencyCtlUse>
              <atmRelTmDtFieldName></atmRelTmDtFieldName>
              <atmLongName>RELEASE_ID_SG</atmLongName>
              <atmShortName>RELEASE_ID_SG</atmShortName>
              <atmPhysicalRecNameList>MEE_CHECK_SG     </atmPhysicalRecNameList>
              <hDBFldContextLabel>HANDLE</hDBFldContextLabel>
              <nContextLabelCount>0</nContextLabelCount>
            </row>
            <row>
              <fStatus>0</fStatus>
              <atmFieldName>CO_NUM_SG</atmFieldName>
              <eFieldType>0</eFieldType>
              <nLength>15</nLength>
              <nDecimalPos>0</nDecimalPos>
              <eFormat>0</eFormat>
              <nFormatLength>0</nFormatLength>
              <eImgFmt>0</eImgFmt>
              <atmFormatFamily></atmFormatFamily>
              <atmDispFmtName></atmDispFmtName>
              <nDefCntryYr>50</nDefCntryYr>
              <nIMEMode>0</nIMEMode>
              <nKeyboardLayout>0</nKeyboardLayout>
              <szObjectOwnerID></szObjectOwnerID>
              <szLastUpdDttm>2016-01-28-07.39.55.821199</szLastUpdDttm>
              <szLastUpdOprId>sindhu.d</szLastUpdOprId>
              <nDescrLongLen>0</nDescrLongLen>
              <hDescrLong>HANDLE</hDescrLong>
              <nLabelCount>1</nLabelCount>
              <hDBFldLabel> HANDLE
                <rowset name="DBFldLabel" size="32" count="1">
                  <row>
                    <atmLabelID>CO_NUM_SG</atmLabelID>
                    <atmLongName>co_num_sg</atmLongName>
                    <atmShortName>co_num_sg</atmShortName>
                    <bIsDefault>1</bIsDefault>
                  </row>
                </rowset>
              </hDBFldLabel>
              <nOrgLabelCount>0</nOrgLabelCount>
              <hOrgDBFldLabel>HANDLE</hOrgDBFldLabel>
              <nNotUsed>0</nNotUsed>
              <fAuxFlagMask>0</fAuxFlagMask>
              <atmDefRecName></atmDefRecName>
              <atmDefFieldName></atmDefFieldName>
              <atmCurCtlFieldName></atmCurCtlFieldName>
              <fUseEdit>8388865</fUseEdit>
              <fUseEdit2>0</fUseEdit2>
              <atmEditTable></atmEditTable>
              <nDefGUICtl>99</nDefGUICtl>
              <atmSetCntrlFld></atmSetCntrlFld>
              <atmLabelID></atmLabelID>
              <nTimeZoneUse>0</nTimeZoneUse>
              <atmTimeZoneFieldName></atmTimeZoneFieldName>
              <nCurrencyCtlUse>0</nCurrencyCtlUse>
              <atmRelTmDtFieldName></atmRelTmDtFieldName>
              <atmLongName>co_num_sg</atmLongName>
              <atmShortName>co_num_sg</atmShortName>
              <atmPhysicalRecNameList>MEE_CHECK_SG     </atmPhysicalRecNameList>
              <hDBFldContextLabel>HANDLE</hDBFldContextLabel>
              <nContextLabelCount>0</nContextLabelCount>
            </row>
            <row>
              <fStatus>0</fStatus>
              <atmFieldName>EXEC_TIME</atmFieldName>
              <eFieldType>6</eFieldType>
              <nLength>26</nLength>
              <nDecimalPos>0</nDecimalPos>
              <eFormat>0</eFormat>
              <nFormatLength>0</nFormatLength>
              <eImgFmt>0</eImgFmt>
              <atmFormatFamily></atmFormatFamily>
              <atmDispFmtName></atmDispFmtName>
              <nDefCntryYr>50</nDefCntryYr>
              <nIMEMode>0</nIMEMode>
              <nKeyboardLayout>0</nKeyboardLayout>
              <szObjectOwnerID></szObjectOwnerID>
              <szLastUpdDttm>2016-01-28-07.39.55.821199</szLastUpdDttm>
              <szLastUpdOprId>sindhu.d</szLastUpdOprId>
              <nDescrLongLen>0</nDescrLongLen>
              <hDescrLong>HANDLE</hDescrLong>
              <nLabelCount>1</nLabelCount>
              <hDBFldLabel> HANDLE
                <rowset name="DBFldLabel" size="32" count="1">
                  <row>
                    <atmLabelID>EXEC_TIME</atmLabelID>
                    <atmLongName>Exec_time</atmLongName>
                    <atmShortName>Exec_time</atmShortName>
                    <bIsDefault>1</bIsDefault>
                  </row>
                </rowset>
              </hDBFldLabel>
              <nOrgLabelCount>0</nOrgLabelCount>
              <hOrgDBFldLabel>HANDLE</hOrgDBFldLabel>
              <nNotUsed>0</nNotUsed>
              <fAuxFlagMask>0</fAuxFlagMask>
              <atmDefRecName></atmDefRecName>
              <atmDefFieldName></atmDefFieldName>
              <atmCurCtlFieldName></atmCurCtlFieldName>
              <fUseEdit>8388865</fUseEdit>
              <fUseEdit2>0</fUseEdit2>
              <atmEditTable></atmEditTable>
              <nDefGUICtl>99</nDefGUICtl>
              <atmSetCntrlFld></atmSetCntrlFld>
              <atmLabelID></atmLabelID>
              <nTimeZoneUse>0</nTimeZoneUse>
              <atmTimeZoneFieldName></atmTimeZoneFieldName>
              <nCurrencyCtlUse>0</nCurrencyCtlUse>
              <atmRelTmDtFieldName></atmRelTmDtFieldName>
              <atmLongName>Exec_time</atmLongName>
              <atmShortName>Exec_time</atmShortName>
              <atmPhysicalRecNameList>MEE_CHECK_SG     </atmPhysicalRecNameList>
              <hDBFldContextLabel>HANDLE</hDBFldContextLabel>
              <nContextLabelCount>0</nContextLabelCount>
            </row>
            <row>
              <fStatus>0</fStatus>
              <atmFieldName>STATUS</atmFieldName>
              <eFieldType>0</eFieldType>
              <nLength>1</nLength>
              <nDecimalPos>0</nDecimalPos>
              <eFormat>0</eFormat>
              <nFormatLength>0</nFormatLength>
              <eImgFmt>0</eImgFmt>
              <atmFormatFamily></atmFormatFamily>
              <atmDispFmtName></atmDispFmtName>
              <nDefCntryYr>50</nDefCntryYr>
              <nIMEMode>0</nIMEMode>
              <nKeyboardLayout>0</nKeyboardLayout>
              <szObjectOwnerID></szObjectOwnerID>
              <szLastUpdDttm>2016-01-28-07.39.55.821199</szLastUpdDttm>
              <szLastUpdOprId>sindhu.d</szLastUpdOprId>
              <nDescrLongLen>0</nDescrLongLen>
              <hDescrLong>HANDLE</hDescrLong>
              <nLabelCount>3</nLabelCount>
              <hDBFldLabel> HANDLE
                <rowset name="DBFldLabel" size="96" count="3">
                  <row>
                    <atmLabelID>ACTIVE</atmLabelID>
                    <atmLongName>Active</atmLongName>
                    <atmShortName>Active</atmShortName>
                    <bIsDefault>0</bIsDefault>
                  </row>
                  <row>
                    <atmLabelID>PROJSTATUS</atmLabelID>
                    <atmLongName>Proj Status</atmLongName>
                    <atmShortName>Proj Status</atmShortName>
                    <bIsDefault>0</bIsDefault>
                  </row>
                  <row>
                    <atmLabelID>STATUS</atmLabelID>
                    <atmLongName>Status</atmLongName>
                    <atmShortName>Status</atmShortName>
                    <bIsDefault>1</bIsDefault>
                  </row>
                </rowset>
              </hDBFldLabel>
              <nOrgLabelCount>0</nOrgLabelCount>
              <hOrgDBFldLabel>HANDLE</hOrgDBFldLabel>
              <nNotUsed>0</nNotUsed>
              <fAuxFlagMask>0</fAuxFlagMask>
              <atmDefRecName></atmDefRecName>
              <atmDefFieldName></atmDefFieldName>
              <atmCurCtlFieldName></atmCurCtlFieldName>
              <fUseEdit>8389376</fUseEdit>
              <fUseEdit2>0</fUseEdit2>
              <atmEditTable></atmEditTable>
              <nDefGUICtl>99</nDefGUICtl>
              <atmSetCntrlFld></atmSetCntrlFld>
              <atmLabelID></atmLabelID>
              <nTimeZoneUse>0</nTimeZoneUse>
              <atmTimeZoneFieldName></atmTimeZoneFieldName>
              <nCurrencyCtlUse>0</nCurrencyCtlUse>
              <atmRelTmDtFieldName></atmRelTmDtFieldName>
              <atmLongName>Status</atmLongName>
              <atmShortName>Status</atmShortName>
              <atmPhysicalRecNameList>MEE_CHECK_SG     </atmPhysicalRecNameList>
              <hDBFldContextLabel>HANDLE</hDBFldContextLabel>
              <nContextLabelCount>0</nContextLabelCount>
            </row>
            <row>
              <fStatus>0</fStatus>
              <atmFieldName>DESCR_CONTROL</atmFieldName>
              <eFieldType>0</eFieldType>
              <nLength>150</nLength>
              <nDecimalPos>0</nDecimalPos>
              <eFormat>6</eFormat>
              <nFormatLength>0</nFormatLength>
              <eImgFmt>0</eImgFmt>
              <atmFormatFamily></atmFormatFamily>
              <atmDispFmtName></atmDispFmtName>
              <nDefCntryYr>50</nDefCntryYr>
              <nIMEMode>0</nIMEMode>
              <nKeyboardLayout>0</nKeyboardLayout>
              <szObjectOwnerID></szObjectOwnerID>
              <szLastUpdDttm>2016-01-28-07.39.55.821199</szLastUpdDttm>
              <szLastUpdOprId>sindhu.d</szLastUpdOprId>
              <nDescrLongLen>0</nDescrLongLen>
              <hDescrLong>HANDLE</hDescrLong>
              <nLabelCount>1</nLabelCount>
              <hDBFldLabel> HANDLE
                <rowset name="DBFldLabel" size="32" count="1">
                  <row>
                    <atmLabelID>CONTROL</atmLabelID>
                    <atmLongName>Description Control</atmLongName>
                    <atmShortName>Control</atmShortName>
                    <bIsDefault>1</bIsDefault>
                  </row>
                </rowset>
              </hDBFldLabel>
              <nOrgLabelCount>0</nOrgLabelCount>
              <hOrgDBFldLabel>HANDLE</hOrgDBFldLabel>
              <nNotUsed>0</nNotUsed>
              <fAuxFlagMask>0</fAuxFlagMask>
              <atmDefRecName></atmDefRecName>
              <atmDefFieldName></atmDefFieldName>
              <atmCurCtlFieldName></atmCurCtlFieldName>
              <fUseEdit>8388864</fUseEdit>
              <fUseEdit2>0</fUseEdit2>
              <atmEditTable></atmEditTable>
              <nDefGUICtl>99</nDefGUICtl>
              <atmSetCntrlFld></atmSetCntrlFld>
              <atmLabelID></atmLabelID>
              <nTimeZoneUse>0</nTimeZoneUse>
              <atmTimeZoneFieldName></atmTimeZoneFieldName>
              <nCurrencyCtlUse>0</nCurrencyCtlUse>
              <atmRelTmDtFieldName></atmRelTmDtFieldName>
              <atmLongName>Description Control</atmLongName>
              <atmShortName>Control</atmShortName>
              <atmPhysicalRecNameList>MEE_CHECK_SG     </atmPhysicalRecNameList>
              <hDBFldContextLabel>HANDLE</hDBFldContextLabel>
              <nContextLabelCount>0</nContextLabelCount>
            </row>
            <row>
              <fStatus>0</fStatus>
              <atmFieldName>CONTEXT_SG</atmFieldName>
              <eFieldType>0</eFieldType>
              <nLength>20</nLength>
              <nDecimalPos>0</nDecimalPos>
              <eFormat>0</eFormat>
              <nFormatLength>0</nFormatLength>
              <eImgFmt>0</eImgFmt>
              <atmFormatFamily></atmFormatFamily>
              <atmDispFmtName></atmDispFmtName>
              <nDefCntryYr>50</nDefCntryYr>
              <nIMEMode>0</nIMEMode>
              <nKeyboardLayout>0</nKeyboardLayout>
              <szObjectOwnerID></szObjectOwnerID>
              <szLastUpdDttm>2016-01-28-07.39.55.821199</szLastUpdDttm>
              <szLastUpdOprId>sindhu.d</szLastUpdOprId>
              <nDescrLongLen>0</nDescrLongLen>
              <hDescrLong>HANDLE</hDescrLong>
              <nLabelCount>1</nLabelCount>
              <hDBFldLabel> HANDLE
                <rowset name="DBFldLabel" size="32" count="1">
                  <row>
                    <atmLabelID>CONTEXT_SG</atmLabelID>
                    <atmLongName>context_sg</atmLongName>
                    <atmShortName>context_sg</atmShortName>
                    <bIsDefault>1</bIsDefault>
                  </row>
                </rowset>
              </hDBFldLabel>
              <nOrgLabelCount>0</nOrgLabelCount>
              <hOrgDBFldLabel>HANDLE</hOrgDBFldLabel>
              <nNotUsed>0</nNotUsed>
              <fAuxFlagMask>0</fAuxFlagMask>
              <atmDefRecName></atmDefRecName>
              <atmDefFieldName></atmDefFieldName>
              <atmCurCtlFieldName></atmCurCtlFieldName>
              <fUseEdit>8388864</fUseEdit>
              <fUseEdit2>0</fUseEdit2>
              <atmEditTable></atmEditTable>
              <nDefGUICtl>99</nDefGUICtl>
              <atmSetCntrlFld></atmSetCntrlFld>
              <atmLabelID></atmLabelID>
              <nTimeZoneUse>0</nTimeZoneUse>
              <atmTimeZoneFieldName></atmTimeZoneFieldName>
              <nCurrencyCtlUse>0</nCurrencyCtlUse>
              <atmRelTmDtFieldName></atmRelTmDtFieldName>
              <atmLongName>context_sg</atmLongName>
              <atmShortName>context_sg</atmShortName>
              <atmPhysicalRecNameList>MEE_CHECK_SG     </atmPhysicalRecNameList>
              <hDBFldContextLabel>HANDLE</hDBFldContextLabel>
              <nContextLabelCount>0</nContextLabelCount>
            </row>
            <row>
              <fStatus>0</fStatus>
              <atmFieldName>RESULTS</atmFieldName>
              <eFieldType>0</eFieldType>
              <nLength>15</nLength>
              <nDecimalPos>0</nDecimalPos>
              <eFormat>0</eFormat>
              <nFormatLength>0</nFormatLength>
              <eImgFmt>0</eImgFmt>
              <atmFormatFamily></atmFormatFamily>
              <atmDispFmtName></atmDispFmtName>
              <nDefCntryYr>50</nDefCntryYr>
              <nIMEMode>0</nIMEMode>
              <nKeyboardLayout>0</nKeyboardLayout>
              <szObjectOwnerID></szObjectOwnerID>
              <szLastUpdDttm>2016-01-28-07.39.55.821199</szLastUpdDttm>
              <szLastUpdOprId>sindhu.d</szLastUpdOprId>
              <nDescrLongLen>0</nDescrLongLen>
              <hDescrLong>HANDLE</hDescrLong>
              <nLabelCount>1</nLabelCount>
              <hDBFldLabel> HANDLE
                <rowset name="DBFldLabel" size="32" count="1">
                  <row>
                    <atmLabelID>RESULTS</atmLabelID>
                    <atmLongName>Calculation Result Variable</atmLongName>
                    <atmShortName>Result</atmShortName>
                    <bIsDefault>1</bIsDefault>
                  </row>
                </rowset>
              </hDBFldLabel>
              <nOrgLabelCount>0</nOrgLabelCount>
              <hOrgDBFldLabel>HANDLE</hOrgDBFldLabel>
              <nNotUsed>0</nNotUsed>
              <fAuxFlagMask>0</fAuxFlagMask>
              <atmDefRecName></atmDefRecName>
              <atmDefFieldName></atmDefFieldName>
              <atmCurCtlFieldName></atmCurCtlFieldName>
              <fUseEdit>8388864</fUseEdit>
              <fUseEdit2>0</fUseEdit2>
              <atmEditTable></atmEditTable>
              <nDefGUICtl>99</nDefGUICtl>
              <atmSetCntrlFld></atmSetCntrlFld>
              <atmLabelID></atmLabelID>
              <nTimeZoneUse>0</nTimeZoneUse>
              <atmTimeZoneFieldName></atmTimeZoneFieldName>
              <nCurrencyCtlUse>0</nCurrencyCtlUse>
              <atmRelTmDtFieldName></atmRelTmDtFieldName>
              <atmLongName>Calculation Result Variable</atmLongName>
              <atmShortName>Result</atmShortName>
              <atmPhysicalRecNameList>MEE_CHECK_SG     </atmPhysicalRecNameList>
              <hDBFldContextLabel>HANDLE</hDBFldContextLabel>
              <nContextLabelCount>0</nContextLabelCount>
            </row>
          </rowset>
        </hRft>
        <nIndexCount>1</nIndexCount>
        <lpIdt> POINTER
          <rowset name="IndexDefn" size="720" count="1">
            <row>
              <cIndexId>_</cIndexId>
              <eIndexType>1</eIndexType>
              <eUniqueFlag>1</eUniqueFlag>
              <eClusterFlag>1</eClusterFlag>
              <eActiveFlag>1</eActiveFlag>
              <nCustKeyOrder>0</nCustKeyOrder>
              <szComments></szComments>
              <ePlatformList>1 1 1 1 1 1 1 1  </ePlatformList>
              <nKeyCount>3</nKeyCount>
              <lpKdt> POINTER
                <rowset name="KeyDefn" size="144" count="3">
                  <row>
                    <nKeyPosn>1</nKeyPosn>
                    <szFieldName>RELEASE_ID_SG</szFieldName>
                    <eAscDesc>1</eAscDesc>
                  </row>
                  <row>
                    <nKeyPosn>2</nKeyPosn>
                    <szFieldName>CO_NUM_SG</szFieldName>
                    <eAscDesc>1</eAscDesc>
                  </row>
                  <row>
                    <nKeyPosn>3</nKeyPosn>
                    <szFieldName>EXEC_TIME</szFieldName>
                    <eAscDesc>1</eAscDesc>
                  </row>
                </rowset>
              </lpKdt>
              <nDDLCount>0</nDDLCount>
              <lpIpt>POINTER</lpIpt>
              <szLastUpdDttm>2016-02-22-14.06.57.981062</szLastUpdDttm>
              <szLastUpdOprId>sindhu.d</szLastUpdOprId>
            </row>
          </rowset>
        </lpIdt>
        <nDDLCount>0</nDDLCount>
        <lpRpt>POINTER</lpRpt>
        <nDelFieldCount>0</nDelFieldCount>
        <hDelRft>HANDLE</hDelRft>
        <hOrgDefn>HANDLE</hOrgDefn>
        <hExpDefn>HANDLE</hExpDefn>
        <nLangCount>0</nLangCount>
        <hLang>HANDLE</hLang>
        <szSystemIDFieldName></szSystemIDFieldName>
        <szRowLevelTimeStampFieldName></szRowLevelTimeStampFieldName>
        <nTblSpcCount>1</nTblSpcCount>
        <lpSpct> POINTER
          <rowset name="RecTblSpc" size="82" count="1">
            <row>
              <szDDLSpaceName>GLAPP</szDDLSpaceName>
              <szDBName></szDBName>
              <eDBType> </eDBType>
            </row>
          </rowset>
        </lpSpct>
        <nSecRecCount>0</nSecRecCount>
        <hSecRec>HANDLE</hSecRec>
        <nMatVwDefnCount>0</nMatVwDefnCount>
        <hMatVwDefn>HANDLE</hMatVwDefn>
      </row>
    </rowset>
  </instance>
  <instance class="FIELD">
    <rowset name="Field" size="936" count="1">
      <row>
        <szLastUpdDttm>2016-02-22-14.06.58.980983</szLastUpdDttm>
        <szLastUpdOprId>sindhu.d</szLastUpdOprId>
        <szObjectOwnerID></szObjectOwnerID>
        <nUseCount>1</nUseCount>
        <bUseUpdate>1</bUseUpdate>
        <lVersion>1</lVersion>
        <lSwapVersion>0</lSwapVersion>
        <nSwapNum>0</nSwapNum>
        <szFieldName>RELEASE_ID_SG</szFieldName>
        <szLanguageCd>ENG</szLanguageCd>
        <eFieldType>0</eFieldType>
        <nLength>20</nLength>
        <nDecimalPos>0</nDecimalPos>
        <eFormat>0</eFormat>
        <nFormatLength>0</nFormatLength>
        <eImgFmt>0</eImgFmt>
        <szFormatFamily></szFormatFamily>
        <szDispFmtName></szDispFmtName>
        <nDefCntryYr>50</nDefCntryYr>
        <nIMEMode>0</nIMEMode>
        <nKeyboardLayout>0</nKeyboardLayout>
        <nNotUsed>0</nNotUsed>
        <fAuxFlagMask>0</fAuxFlagMask>
        <nDescrLongLen>180</nDescrLongLen>
        <hDescrLong> HANDLE
          <rowset name="char" size="180" count="1">
            <row>
              <hDescrLong>RELEASE_ID: Holds the release id of that release.
Creted by : Sindhu D
date : 28/01/2016</hDescrLong>
            </row>
          </rowset>
        </hDescrLong>
        <nLabelCount>1</nLabelCount>
        <hDBFldLabel> HANDLE
          <rowset name="DBFldLabel" size="264" count="1">
            <row>
              <szLabelID>RELEASE_ID_SG</szLabelID>
              <szLongName>RELEASE_ID_SG</szLongName>
              <szShortName>RELEASE_ID_SG</szShortName>
              <bIsDefault>1</bIsDefault>
              <szLastUpdDttm>2016-02-22-14.06.58.980983</szLastUpdDttm>
              <szLastUpdOprId>sindhu.d</szLastUpdOprId>
              <nLangCount>0</nLangCount>
              <hLang>HANDLE</hLang>
            </row>
          </rowset>
        </hDBFldLabel>
        <szDefRecName></szDefRecName>
        <szDefFieldName></szDefFieldName>
        <szCurCtlFieldName></szCurCtlFieldName>
        <fUseEdit>0</fUseEdit>
        <fUseEdit2>0</fUseEdit2>
        <szEditTable></szEditTable>
        <nDefGUICtl>0</nDefGUICtl>
        <szSetCntrlFld></szSetCntrlFld>
        <szLabelID>RELEASE_ID_SG</szLabelID>
        <nTimeZoneUse>0</nTimeZoneUse>
        <szTimeZoneFieldName></szTimeZoneFieldName>
        <nCurrencyCtlUse>0</nCurrencyCtlUse>
        <szLongName>RELEASE_ID_SG</szLongName>
        <szShortName>RELEASE_ID_SG</szShortName>
        <fStatus>0</fStatus>
        <nLangCount>0</nLangCount>
        <hLang>HANDLE</hLang>
        <nContextLabelCount>0</nContextLabelCount>
        <hDBFldContextLabel>HANDLE</hDBFldContextLabel>
      </row>
    </rowset>
  </instance>
  <instance class="FIELD">
    <rowset name="Field" size="936" count="1">
      <row>
        <szLastUpdDttm>2016-02-22-14.06.58.980860</szLastUpdDttm>
        <szLastUpdOprId>sindhu.d</szLastUpdOprId>
        <szObjectOwnerID></szObjectOwnerID>
        <nUseCount>1</nUseCount>
        <bUseUpdate>1</bUseUpdate>
        <lVersion>1</lVersion>
        <lSwapVersion>0</lSwapVersion>
        <nSwapNum>0</nSwapNum>
        <szFieldName>CO_NUM_SG</szFieldName>
        <szLanguageCd>ENG</szLanguageCd>
        <eFieldType>0</eFieldType>
        <nLength>15</nLength>
        <nDecimalPos>0</nDecimalPos>
        <eFormat>0</eFormat>
        <nFormatLength>0</nFormatLength>
        <eImgFmt>0</eImgFmt>
        <szFormatFamily></szFormatFamily>
        <szDispFmtName></szDispFmtName>
        <nDefCntryYr>50</nDefCntryYr>
        <nIMEMode>0</nIMEMode>
        <nKeyboardLayout>0</nKeyboardLayout>
        <nNotUsed>0</nNotUsed>
        <fAuxFlagMask>0</fAuxFlagMask>
        <nDescrLongLen>168</nDescrLongLen>
        <hDescrLong> HANDLE
          <rowset name="char" size="168" count="1">
            <row>
              <hDescrLong>CO_NUM_SG: Holds CO numbers of the release.
Creted by : Sindhu D
date : 28/01/2016</hDescrLong>
            </row>
          </rowset>
        </hDescrLong>
        <nLabelCount>1</nLabelCount>
        <hDBFldLabel> HANDLE
          <rowset name="DBFldLabel" size="264" count="1">
            <row>
              <szLabelID>CO_NUM_SG</szLabelID>
              <szLongName>co_num_sg</szLongName>
              <szShortName>co_num_sg</szShortName>
              <bIsDefault>1</bIsDefault>
              <szLastUpdDttm>2016-02-22-14.06.58.980860</szLastUpdDttm>
              <szLastUpdOprId>sindhu.d</szLastUpdOprId>
              <nLangCount>0</nLangCount>
              <hLang>HANDLE</hLang>
            </row>
          </rowset>
        </hDBFldLabel>
        <szDefRecName></szDefRecName>
        <szDefFieldName></szDefFieldName>
        <szCurCtlFieldName></szCurCtlFieldName>
        <fUseEdit>0</fUseEdit>
        <fUseEdit2>0</fUseEdit2>
        <szEditTable></szEditTable>
        <nDefGUICtl>0</nDefGUICtl>
        <szSetCntrlFld></szSetCntrlFld>
        <szLabelID>CO_NUM_SG</szLabelID>
        <nTimeZoneUse>0</nTimeZoneUse>
        <szTimeZoneFieldName></szTimeZoneFieldName>
        <nCurrencyCtlUse>0</nCurrencyCtlUse>
        <szLongName>co_num_sg</szLongName>
        <szShortName>co_num_sg</szShortName>
        <fStatus>0</fStatus>
        <nLangCount>0</nLangCount>
        <hLang>HANDLE</hLang>
        <nContextLabelCount>0</nContextLabelCount>
        <hDBFldContextLabel>HANDLE</hDBFldContextLabel>
      </row>
    </rowset>
  </instance>
  <instance class="FIELD">
    <rowset name="Field" size="936" count="1">
      <row>
        <szLastUpdDttm>2016-02-22-14.06.58.980893</szLastUpdDttm>
        <szLastUpdOprId>sindhu.d</szLastUpdOprId>
        <szObjectOwnerID></szObjectOwnerID>
        <nUseCount>1</nUseCount>
        <bUseUpdate>1</bUseUpdate>
        <lVersion>1</lVersion>
        <lSwapVersion>0</lSwapVersion>
        <nSwapNum>0</nSwapNum>
        <szFieldName>EXEC_TIME</szFieldName>
        <szLanguageCd>ENG</szLanguageCd>
        <eFieldType>6</eFieldType>
        <nLength>26</nLength>
        <nDecimalPos>0</nDecimalPos>
        <eFormat>0</eFormat>
        <nFormatLength>0</nFormatLength>
        <eImgFmt>0</eImgFmt>
        <szFormatFamily></szFormatFamily>
        <szDispFmtName></szDispFmtName>
        <nDefCntryYr>50</nDefCntryYr>
        <nIMEMode>0</nIMEMode>
        <nKeyboardLayout>0</nKeyboardLayout>
        <nNotUsed>0</nNotUsed>
        <fAuxFlagMask>0</fAuxFlagMask>
        <nDescrLongLen>176</nDescrLongLen>
        <hDescrLong> HANDLE
          <rowset name="char" size="176" count="1">
            <row>
              <hDescrLong>EXEC_TIME: Holds the execution time of the SQL.
Creted by : Sindhu D
date : 28/01/2016</hDescrLong>
            </row>
          </rowset>
        </hDescrLong>
        <nLabelCount>1</nLabelCount>
        <hDBFldLabel> HANDLE
          <rowset name="DBFldLabel" size="264" count="1">
            <row>
              <szLabelID>EXEC_TIME</szLabelID>
              <szLongName>Exec_time</szLongName>
              <szShortName>Exec_time</szShortName>
              <bIsDefault>1</bIsDefault>
              <szLastUpdDttm>2016-02-22-14.06.58.980893</szLastUpdDttm>
              <szLastUpdOprId>sindhu.d</szLastUpdOprId>
              <nLangCount>0</nLangCount>
              <hLang>HANDLE</hLang>
            </row>
          </rowset>
        </hDBFldLabel>
        <szDefRecName></szDefRecName>
        <szDefFieldName></szDefFieldName>
        <szCurCtlFieldName></szCurCtlFieldName>
        <fUseEdit>0</fUseEdit>
        <fUseEdit2>0</fUseEdit2>
        <szEditTable></szEditTable>
        <nDefGUICtl>0</nDefGUICtl>
        <szSetCntrlFld></szSetCntrlFld>
        <szLabelID>EXEC_TIME</szLabelID>
        <nTimeZoneUse>0</nTimeZoneUse>
        <szTimeZoneFieldName></szTimeZoneFieldName>
        <nCurrencyCtlUse>0</nCurrencyCtlUse>
        <szLongName>Exec_time</szLongName>
        <szShortName>Exec_time</szShortName>
        <fStatus>0</fStatus>
        <nLangCount>0</nLangCount>
        <hLang>HANDLE</hLang>
        <nContextLabelCount>0</nContextLabelCount>
        <hDBFldContextLabel>HANDLE</hDBFldContextLabel>
      </row>
    </rowset>
  </instance>
  <instance class="FIELD">
    <rowset name="Field" size="936" count="1">
      <row>
        <szLastUpdDttm>2004-06-29-16.33.31.000000</szLastUpdDttm>
        <szLastUpdOprId>PPLSOFT</szLastUpdOprId>
        <szObjectOwnerID>PPT</szObjectOwnerID>
        <nUseCount>1</nUseCount>
        <bUseUpdate>1</bUseUpdate>
        <lVersion>1</lVersion>
        <lSwapVersion>0</lSwapVersion>
        <nSwapNum>0</nSwapNum>
        <szFieldName>STATUS</szFieldName>
        <szLanguageCd>ENG</szLanguageCd>
        <eFieldType>0</eFieldType>
        <nLength>1</nLength>
        <nDecimalPos>0</nDecimalPos>
        <eFormat>0</eFormat>
        <nFormatLength>0</nFormatLength>
        <eImgFmt>0</eImgFmt>
        <szFormatFamily></szFormatFamily>
        <szDispFmtName></szDispFmtName>
        <nDefCntryYr>50</nDefCntryYr>
        <nIMEMode>0</nIMEMode>
        <nKeyboardLayout>0</nKeyboardLayout>
        <nNotUsed>0</nNotUsed>
        <fAuxFlagMask>0</fAuxFlagMask>
        <nDescrLongLen>32</nDescrLongLen>
        <hDescrLong> HANDLE
          <rowset name="char" size="32" count="1">
            <row>
              <hDescrLong>Status Indicator</hDescrLong>
            </row>
          </rowset>
        </hDescrLong>
        <nLabelCount>3</nLabelCount>
        <hDBFldLabel> HANDLE
          <rowset name="DBFldLabel" size="792" count="3">
            <row>
              <szLabelID>STATUS</szLabelID>
              <szLongName>Status</szLongName>
              <szShortName>Status</szShortName>
              <bIsDefault>1</bIsDefault>
              <szLastUpdDttm>2004-06-29-16.33.31.000000</szLastUpdDttm>
              <szLastUpdOprId>PPLSOFT</szLastUpdOprId>
              <nLangCount>0</nLangCount>
              <hLang>HANDLE</hLang>
            </row>
            <row>
              <szLabelID>ACTIVE</szLabelID>
              <szLongName>Active</szLongName>
              <szShortName>Active</szShortName>
              <bIsDefault>0</bIsDefault>
              <szLastUpdDttm>2004-06-29-16.33.31.000000</szLastUpdDttm>
              <szLastUpdOprId>PPLSOFT</szLastUpdOprId>
              <nLangCount>0</nLangCount>
              <hLang>HANDLE</hLang>
            </row>
            <row>
              <szLabelID>PROJSTATUS</szLabelID>
              <szLongName>Proj Status</szLongName>
              <szShortName>Proj Status</szShortName>
              <bIsDefault>0</bIsDefault>
              <szLastUpdDttm>2004-06-29-16.33.31.000000</szLastUpdDttm>
              <szLastUpdOprId>PPLSOFT</szLastUpdOprId>
              <nLangCount>0</nLangCount>
              <hLang>HANDLE</hLang>
            </row>
          </rowset>
        </hDBFldLabel>
        <szDefRecName></szDefRecName>
        <szDefFieldName></szDefFieldName>
        <szCurCtlFieldName></szCurCtlFieldName>
        <fUseEdit>0</fUseEdit>
        <fUseEdit2>0</fUseEdit2>
        <szEditTable></szEditTable>
        <nDefGUICtl>0</nDefGUICtl>
        <szSetCntrlFld></szSetCntrlFld>
        <szLabelID>STATUS</szLabelID>
        <nTimeZoneUse>0</nTimeZoneUse>
        <szTimeZoneFieldName></szTimeZoneFieldName>
        <nCurrencyCtlUse>0</nCurrencyCtlUse>
        <szLongName>Status</szLongName>
        <szShortName>Status</szShortName>
        <fStatus>0</fStatus>
        <nLangCount>0</nLangCount>
        <hLang>HANDLE</hLang>
        <nContextLabelCount>0</nContextLabelCount>
        <hDBFldContextLabel>HANDLE</hDBFldContextLabel>
      </row>
    </rowset>
  </instance>
  <instance class="FIELD">
    <rowset name="Field" size="936" count="1">
      <row>
        <szLastUpdDttm>2004-05-04-17.00.49.000000</szLastUpdDttm>
        <szLastUpdOprId>PPLSOFT</szLastUpdOprId>
        <szObjectOwnerID>FPG</szObjectOwnerID>
        <nUseCount>1</nUseCount>
        <bUseUpdate>1</bUseUpdate>
        <lVersion>1</lVersion>
        <lSwapVersion>0</lSwapVersion>
        <nSwapNum>0</nSwapNum>
        <szFieldName>DESCR_CONTROL</szFieldName>
        <szLanguageCd>ENG</szLanguageCd>
        <eFieldType>0</eFieldType>
        <nLength>150</nLength>
        <nDecimalPos>0</nDecimalPos>
        <eFormat>6</eFormat>
        <nFormatLength>0</nFormatLength>
        <eImgFmt>0</eImgFmt>
        <szFormatFamily></szFormatFamily>
        <szDispFmtName></szDispFmtName>
        <nDefCntryYr>50</nDefCntryYr>
        <nIMEMode>0</nIMEMode>
        <nKeyboardLayout>0</nKeyboardLayout>
        <nNotUsed>0</nNotUsed>
        <fAuxFlagMask>0</fAuxFlagMask>
        <nDescrLongLen>0</nDescrLongLen>
        <hDescrLong>HANDLE</hDescrLong>
        <nLabelCount>1</nLabelCount>
        <hDBFldLabel> HANDLE
          <rowset name="DBFldLabel" size="264" count="1">
            <row>
              <szLabelID>CONTROL</szLabelID>
              <szLongName>Description Control</szLongName>
              <szShortName>Control</szShortName>
              <bIsDefault>1</bIsDefault>
              <szLastUpdDttm>2004-05-04-17.00.49.000000</szLastUpdDttm>
              <szLastUpdOprId>PPLSOFT</szLastUpdOprId>
              <nLangCount>0</nLangCount>
              <hLang>HANDLE</hLang>
            </row>
          </rowset>
        </hDBFldLabel>
        <szDefRecName></szDefRecName>
        <szDefFieldName></szDefFieldName>
        <szCurCtlFieldName></szCurCtlFieldName>
        <fUseEdit>0</fUseEdit>
        <fUseEdit2>0</fUseEdit2>
        <szEditTable></szEditTable>
        <nDefGUICtl>0</nDefGUICtl>
        <szSetCntrlFld></szSetCntrlFld>
        <szLabelID>CONTROL</szLabelID>
        <nTimeZoneUse>0</nTimeZoneUse>
        <szTimeZoneFieldName></szTimeZoneFieldName>
        <nCurrencyCtlUse>0</nCurrencyCtlUse>
        <szLongName>Description Control</szLongName>
        <szShortName>Control</szShortName>
        <fStatus>0</fStatus>
        <nLangCount>0</nLangCount>
        <hLang>HANDLE</hLang>
        <nContextLabelCount>0</nContextLabelCount>
        <hDBFldContextLabel>HANDLE</hDBFldContextLabel>
      </row>
    </rowset>
  </instance>
  <instance class="FIELD">
    <rowset name="Field" size="936" count="1">
      <row>
        <szLastUpdDttm>2016-02-22-14.06.58.980829</szLastUpdDttm>
        <szLastUpdOprId>sindhu.d</szLastUpdOprId>
        <szObjectOwnerID></szObjectOwnerID>
        <nUseCount>1</nUseCount>
        <bUseUpdate>1</bUseUpdate>
        <lVersion>1</lVersion>
        <lSwapVersion>0</lSwapVersion>
        <nSwapNum>0</nSwapNum>
        <szFieldName>CONTEXT_SG</szFieldName>
        <szLanguageCd>ENG</szLanguageCd>
        <eFieldType>0</eFieldType>
        <nLength>20</nLength>
        <nDecimalPos>0</nDecimalPos>
        <eFormat>0</eFormat>
        <nFormatLength>0</nFormatLength>
        <eImgFmt>0</eImgFmt>
        <szFormatFamily></szFormatFamily>
        <szDispFmtName></szDispFmtName>
        <nDefCntryYr>50</nDefCntryYr>
        <nIMEMode>0</nIMEMode>
        <nKeyboardLayout>0</nKeyboardLayout>
        <nNotUsed>0</nNotUsed>
        <fAuxFlagMask>0</fAuxFlagMask>
        <nDescrLongLen>78</nDescrLongLen>
        <hDescrLong> HANDLE
          <rowset name="char" size="78" count="1">
            <row>
              <hDescrLong>Creted by : Sindhu D
date : 28/01/2016</hDescrLong>
            </row>
          </rowset>
        </hDescrLong>
        <nLabelCount>1</nLabelCount>
        <hDBFldLabel> HANDLE
          <rowset name="DBFldLabel" size="264" count="1">
            <row>
              <szLabelID>CONTEXT_SG</szLabelID>
              <szLongName>context_sg</szLongName>
              <szShortName>context_sg</szShortName>
              <bIsDefault>1</bIsDefault>
              <szLastUpdDttm>2016-02-22-14.06.58.980829</szLastUpdDttm>
              <szLastUpdOprId>sindhu.d</szLastUpdOprId>
              <nLangCount>0</nLangCount>
              <hLang>HANDLE</hLang>
            </row>
          </rowset>
        </hDBFldLabel>
        <szDefRecName></szDefRecName>
        <szDefFieldName></szDefFieldName>
        <szCurCtlFieldName></szCurCtlFieldName>
        <fUseEdit>0</fUseEdit>
        <fUseEdit2>0</fUseEdit2>
        <szEditTable></szEditTable>
        <nDefGUICtl>0</nDefGUICtl>
        <szSetCntrlFld></szSetCntrlFld>
        <szLabelID>CONTEXT_SG</szLabelID>
        <nTimeZoneUse>0</nTimeZoneUse>
        <szTimeZoneFieldName></szTimeZoneFieldName>
        <nCurrencyCtlUse>0</nCurrencyCtlUse>
        <szLongName>context_sg</szLongName>
        <szShortName>context_sg</szShortName>
        <fStatus>0</fStatus>
        <nLangCount>0</nLangCount>
        <hLang>HANDLE</hLang>
        <nContextLabelCount>0</nContextLabelCount>
        <hDBFldContextLabel>HANDLE</hDBFldContextLabel>
      </row>
    </rowset>
  </instance>
  <instance class="FIELD">
    <rowset name="Field" size="936" count="1">
      <row>
        <szLastUpdDttm>1997-09-10-00.00.00.000000</szLastUpdDttm>
        <szLastUpdOprId>PPLSOFT</szLastUpdOprId>
        <szObjectOwnerID></szObjectOwnerID>
        <nUseCount>1</nUseCount>
        <bUseUpdate>1</bUseUpdate>
        <lVersion>1</lVersion>
        <lSwapVersion>0</lSwapVersion>
        <nSwapNum>0</nSwapNum>
        <szFieldName>RESULTS</szFieldName>
        <szLanguageCd>ENG</szLanguageCd>
        <eFieldType>0</eFieldType>
        <nLength>15</nLength>
        <nDecimalPos>0</nDecimalPos>
        <eFormat>0</eFormat>
        <nFormatLength>0</nFormatLength>
        <eImgFmt>0</eImgFmt>
        <szFormatFamily></szFormatFamily>
        <szDispFmtName></szDispFmtName>
        <nDefCntryYr>50</nDefCntryYr>
        <nIMEMode>0</nIMEMode>
        <nKeyboardLayout>0</nKeyboardLayout>
        <nNotUsed>0</nNotUsed>
        <fAuxFlagMask>0</fAuxFlagMask>
        <nDescrLongLen>0</nDescrLongLen>
        <hDescrLong>HANDLE</hDescrLong>
        <nLabelCount>1</nLabelCount>
        <hDBFldLabel> HANDLE
          <rowset name="DBFldLabel" size="264" count="1">
            <row>
              <szLabelID>RESULTS</szLabelID>
              <szLongName>Calculation Result Variable</szLongName>
              <szShortName>Result</szShortName>
              <bIsDefault>1</bIsDefault>
              <szLastUpdDttm>1997-09-10-00.00.00.000000</szLastUpdDttm>
              <szLastUpdOprId>PPLSOFT</szLastUpdOprId>
              <nLangCount>0</nLangCount>
              <hLang>HANDLE</hLang>
            </row>
          </rowset>
        </hDBFldLabel>
        <szDefRecName></szDefRecName>
        <szDefFieldName></szDefFieldName>
        <szCurCtlFieldName></szCurCtlFieldName>
        <fUseEdit>0</fUseEdit>
        <fUseEdit2>0</fUseEdit2>
        <szEditTable></szEditTable>
        <nDefGUICtl>0</nDefGUICtl>
        <szSetCntrlFld></szSetCntrlFld>
        <szLabelID>RESULTS</szLabelID>
        <nTimeZoneUse>0</nTimeZoneUse>
        <szTimeZoneFieldName></szTimeZoneFieldName>
        <nCurrencyCtlUse>0</nCurrencyCtlUse>
        <szLongName>Calculation Result Variable</szLongName>
        <szShortName>Result</szShortName>
        <fStatus>0</fStatus>
        <nLangCount>0</nLangCount>
        <hLang>HANDLE</hLang>
        <nContextLabelCount>0</nContextLabelCount>
        <hDBFldContextLabel>HANDLE</hDBFldContextLabel>
      </row>
    </rowset>
  </instance>
  <instance class="RDM">
    <rowset name="RecDefn" size="920" count="1">
      <row>
        <szLastUpdDttm>2016-07-17-12.31.22.933607</szLastUpdDttm>
        <szLastUpdOprId>mahmoud.hebbache</szLastUpdOprId>
        <szObjectOwnerID></szObjectOwnerID>
        <nUseCount>1</nUseCount>
        <bUseUpdate>1</bUseUpdate>
        <lVersion>2</lVersion>
        <lSwapVersion>2</lSwapVersion>
        <nSwapNum>0</nSwapNum>
        <szRecName>MEE_CHECK_VW_SG</szRecName>
        <szLanguageCd>ENG</szLanguageCd>
        <fFlags>0</fFlags>
        <fAuxFlagMask>0</fAuxFlagMask>
        <nFieldCount>4</nFieldCount>
        <eRecType>1</eRecType>
        <fRecUse>0</fRecUse>
        <cOptTrigFlag>N</cOptTrigFlag>
        <szAuditRecName></szAuditRecName>
        <szSetCntrlFld></szSetCntrlFld>
        <szRelLangRecName></szRelLangRecName>
        <szOptDelRecName></szOptDelRecName>
        <szParentRecName></szParentRecName>
        <szQrySecRecName></szQrySecRecName>
        <szSqlTableName></szSqlTableName>
        <nBuildSeqNo>1</nBuildSeqNo>
        <szRecDescr>MEE_CHECK_VW_SG</szRecDescr>
        <hAltDefn>HANDLE</hAltDefn>
        <nDescrLongLen>404</nDescrLongLen>
        <hDescrLong> HANDLE
          <rowset name="char" size="404" count="1">
            <row>
              <hDescrLong>view MEE_CHECK_VW_SG to show the number of changes 'OK' and 'KO' for the last release. This view should allow us to quickly detect a bug related to a delivery. 
Created by : Sindhu D
Date : 28/01/2016</hDescrLong>
            </row>
          </rowset>
        </hDescrLong>
        <hRft> HANDLE
          <rowset name="RecField" size="1664" count="4">
            <row>
              <fStatus>0</fStatus>
              <atmFieldName>RELEASE_ID_SG</atmFieldName>
              <eFieldType>0</eFieldType>
              <nLength>20</nLength>
              <nDecimalPos>0</nDecimalPos>
              <eFormat>0</eFormat>
              <nFormatLength>0</nFormatLength>
              <eImgFmt>0</eImgFmt>
              <atmFormatFamily></atmFormatFamily>
              <atmDispFmtName></atmDispFmtName>
              <nDefCntryYr>50</nDefCntryYr>
              <nIMEMode>0</nIMEMode>
              <nKeyboardLayout>0</nKeyboardLayout>
              <szObjectOwnerID></szObjectOwnerID>
              <szLastUpdDttm>2016-01-28-08.08.11.602393</szLastUpdDttm>
              <szLastUpdOprId>sindhu.d</szLastUpdOprId>
              <nDescrLongLen>0</nDescrLongLen>
              <hDescrLong>HANDLE</hDescrLong>
              <nLabelCount>1</nLabelCount>
              <hDBFldLabel> HANDLE
                <rowset name="DBFldLabel" size="32" count="1">
                  <row>
                    <atmLabelID>RELEASE_ID_SG</atmLabelID>
                    <atmLongName>RELEASE_ID_SG</atmLongName>
                    <atmShortName>RELEASE_ID_SG</atmShortName>
                    <bIsDefault>1</bIsDefault>
                  </row>
                </rowset>
              </hDBFldLabel>
              <nOrgLabelCount>0</nOrgLabelCount>
              <hOrgDBFldLabel>HANDLE</hOrgDBFldLabel>
              <nNotUsed>0</nNotUsed>
              <fAuxFlagMask>0</fAuxFlagMask>
              <atmDefRecName></atmDefRecName>
              <atmDefFieldName></atmDefFieldName>
              <atmCurCtlFieldName></atmCurCtlFieldName>
              <fUseEdit>8388608</fUseEdit>
              <fUseEdit2>0</fUseEdit2>
              <atmEditTable></atmEditTable>
              <nDefGUICtl>99</nDefGUICtl>
              <atmSetCntrlFld></atmSetCntrlFld>
              <atmLabelID></atmLabelID>
              <nTimeZoneUse>0</nTimeZoneUse>
              <atmTimeZoneFieldName></atmTimeZoneFieldName>
              <nCurrencyCtlUse>0</nCurrencyCtlUse>
              <atmRelTmDtFieldName></atmRelTmDtFieldName>
              <atmLongName>RELEASE_ID_SG</atmLongName>
              <atmShortName>RELEASE_ID_SG</atmShortName>
              <atmPhysicalRecNameList>MEE_CHECK_VW_SG     </atmPhysicalRecNameList>
              <hDBFldContextLabel>HANDLE</hDBFldContextLabel>
              <nContextLabelCount>0</nContextLabelCount>
            </row>
            <row>
              <fStatus>0</fStatus>
              <atmFieldName>DATE_STAMP</atmFieldName>
              <eFieldType>4</eFieldType>
              <nLength>10</nLength>
              <nDecimalPos>0</nDecimalPos>
              <eFormat>0</eFormat>
              <nFormatLength>0</nFormatLength>
              <eImgFmt>0</eImgFmt>
              <atmFormatFamily></atmFormatFamily>
              <atmDispFmtName></atmDispFmtName>
              <nDefCntryYr>50</nDefCntryYr>
              <nIMEMode>0</nIMEMode>
              <nKeyboardLayout>0</nKeyboardLayout>
              <szObjectOwnerID></szObjectOwnerID>
              <szLastUpdDttm>2016-01-28-08.08.11.602393</szLastUpdDttm>
              <szLastUpdOprId>sindhu.d</szLastUpdOprId>
              <nDescrLongLen>0</nDescrLongLen>
              <hDescrLong>HANDLE</hDescrLong>
              <nLabelCount>1</nLabelCount>
              <hDBFldLabel> HANDLE
                <rowset name="DBFldLabel" size="32" count="1">
                  <row>
                    <atmLabelID>DATE_STAMP</atmLabelID>
                    <atmLongName>Date Stamp</atmLongName>
                    <atmShortName>Date Stamp</atmShortName>
                    <bIsDefault>1</bIsDefault>
                  </row>
                </rowset>
              </hDBFldLabel>
              <nOrgLabelCount>0</nOrgLabelCount>
              <hOrgDBFldLabel>HANDLE</hOrgDBFldLabel>
              <nNotUsed>0</nNotUsed>
              <fAuxFlagMask>0</fAuxFlagMask>
              <atmDefRecName></atmDefRecName>
              <atmDefFieldName></atmDefFieldName>
              <atmCurCtlFieldName></atmCurCtlFieldName>
              <fUseEdit>8388608</fUseEdit>
              <fUseEdit2>0</fUseEdit2>
              <atmEditTable></atmEditTable>
              <nDefGUICtl>99</nDefGUICtl>
              <atmSetCntrlFld></atmSetCntrlFld>
              <atmLabelID></atmLabelID>
              <nTimeZoneUse>0</nTimeZoneUse>
              <atmTimeZoneFieldName></atmTimeZoneFieldName>
              <nCurrencyCtlUse>0</nCurrencyCtlUse>
              <atmRelTmDtFieldName></atmRelTmDtFieldName>
              <atmLongName>Date Stamp</atmLongName>
              <atmShortName>Date Stamp</atmShortName>
              <atmPhysicalRecNameList>MEE_CHECK_VW_SG     </atmPhysicalRecNameList>
              <hDBFldContextLabel>HANDLE</hDBFldContextLabel>
              <nContextLabelCount>0</nContextLabelCount>
            </row>
            <row>
              <fStatus>0</fStatus>
              <atmFieldName>NB_VALID_SG</atmFieldName>
              <eFieldType>2</eFieldType>
              <nLength>3</nLength>
              <nDecimalPos>0</nDecimalPos>
              <eFormat>0</eFormat>
              <nFormatLength>0</nFormatLength>
              <eImgFmt>0</eImgFmt>
              <atmFormatFamily></atmFormatFamily>
              <atmDispFmtName></atmDispFmtName>
              <nDefCntryYr>50</nDefCntryYr>
              <nIMEMode>0</nIMEMode>
              <nKeyboardLayout>0</nKeyboardLayout>
              <szObjectOwnerID></szObjectOwnerID>
              <szLastUpdDttm>2016-01-28-08.08.11.602393</szLastUpdDttm>
              <szLastUpdOprId>sindhu.d</szLastUpdOprId>
              <nDescrLongLen>0</nDescrLongLen>
              <hDescrLong>HANDLE</hDescrLong>
              <nLabelCount>1</nLabelCount>
              <hDBFldLabel> HANDLE
                <rowset name="DBFldLabel" size="32" count="1">
                  <row>
                    <atmLabelID>NB_VALID_SG</atmLabelID>
                    <atmLongName>nb_valid_sg</atmLongName>
                    <atmShortName>nb_valid_sg</atmShortName>
                    <bIsDefault>1</bIsDefault>
                  </row>
                </rowset>
              </hDBFldLabel>
              <nOrgLabelCount>0</nOrgLabelCount>
              <hOrgDBFldLabel>HANDLE</hOrgDBFldLabel>
              <nNotUsed>0</nNotUsed>
              <fAuxFlagMask>0</fAuxFlagMask>
              <atmDefRecName></atmDefRecName>
              <atmDefFieldName></atmDefFieldName>
              <atmCurCtlFieldName></atmCurCtlFieldName>
              <fUseEdit>8388608</fUseEdit>
              <fUseEdit2>0</fUseEdit2>
              <atmEditTable></atmEditTable>
              <nDefGUICtl>99</nDefGUICtl>
              <atmSetCntrlFld></atmSetCntrlFld>
              <atmLabelID></atmLabelID>
              <nTimeZoneUse>0</nTimeZoneUse>
              <atmTimeZoneFieldName></atmTimeZoneFieldName>
              <nCurrencyCtlUse>0</nCurrencyCtlUse>
              <atmRelTmDtFieldName></atmRelTmDtFieldName>
              <atmLongName>nb_valid_sg</atmLongName>
              <atmShortName>nb_valid_sg</atmShortName>
              <atmPhysicalRecNameList>MEE_CHECK_VW_SG     </atmPhysicalRecNameList>
              <hDBFldContextLabel>HANDLE</hDBFldContextLabel>
              <nContextLabelCount>0</nContextLabelCount>
            </row>
            <row>
              <fStatus>0</fStatus>
              <atmFieldName>NB_INVALID_SG</atmFieldName>
              <eFieldType>2</eFieldType>
              <nLength>3</nLength>
              <nDecimalPos>0</nDecimalPos>
              <eFormat>0</eFormat>
              <nFormatLength>0</nFormatLength>
              <eImgFmt>0</eImgFmt>
              <atmFormatFamily></atmFormatFamily>
              <atmDispFmtName></atmDispFmtName>
              <nDefCntryYr>50</nDefCntryYr>
              <nIMEMode>0</nIMEMode>
              <nKeyboardLayout>0</nKeyboardLayout>
              <szObjectOwnerID></szObjectOwnerID>
              <szLastUpdDttm>2016-01-28-08.08.11.602393</szLastUpdDttm>
              <szLastUpdOprId>sindhu.d</szLastUpdOprId>
              <nDescrLongLen>0</nDescrLongLen>
              <hDescrLong>HANDLE</hDescrLong>
              <nLabelCount>1</nLabelCount>
              <hDBFldLabel> HANDLE
                <rowset name="DBFldLabel" size="32" count="1">
                  <row>
                    <atmLabelID>NB_INVALID_SG</atmLabelID>
                    <atmLongName>nb_invalid_sg</atmLongName>
                    <atmShortName>nb_invalid_sg</atmShortName>
                    <bIsDefault>1</bIsDefault>
                  </row>
                </rowset>
              </hDBFldLabel>
              <nOrgLabelCount>0</nOrgLabelCount>
              <hOrgDBFldLabel>HANDLE</hOrgDBFldLabel>
              <nNotUsed>0</nNotUsed>
              <fAuxFlagMask>0</fAuxFlagMask>
              <atmDefRecName></atmDefRecName>
              <atmDefFieldName></atmDefFieldName>
              <atmCurCtlFieldName></atmCurCtlFieldName>
              <fUseEdit>8388608</fUseEdit>
              <fUseEdit2>0</fUseEdit2>
              <atmEditTable></atmEditTable>
              <nDefGUICtl>99</nDefGUICtl>
              <atmSetCntrlFld></atmSetCntrlFld>
              <atmLabelID></atmLabelID>
              <nTimeZoneUse>0</nTimeZoneUse>
              <atmTimeZoneFieldName></atmTimeZoneFieldName>
              <nCurrencyCtlUse>0</nCurrencyCtlUse>
              <atmRelTmDtFieldName></atmRelTmDtFieldName>
              <atmLongName>nb_invalid_sg</atmLongName>
              <atmShortName>nb_invalid_sg</atmShortName>
              <atmPhysicalRecNameList>MEE_CHECK_VW_SG     </atmPhysicalRecNameList>
              <hDBFldContextLabel>HANDLE</hDBFldContextLabel>
              <nContextLabelCount>0</nContextLabelCount>
            </row>
          </rowset>
        </hRft>
        <nIndexCount>0</nIndexCount>
        <lpIdt>POINTER</lpIdt>
        <nDDLCount>0</nDDLCount>
        <lpRpt>POINTER</lpRpt>
        <nDelFieldCount>0</nDelFieldCount>
        <hDelRft>HANDLE</hDelRft>
        <hOrgDefn>HANDLE</hOrgDefn>
        <hExpDefn>HANDLE</hExpDefn>
        <nLangCount>0</nLangCount>
        <hLang>HANDLE</hLang>
        <szSystemIDFieldName></szSystemIDFieldName>
        <szRowLevelTimeStampFieldName></szRowLevelTimeStampFieldName>
        <nTblSpcCount>0</nTblSpcCount>
        <lpSpct>POINTER</lpSpct>
        <nSecRecCount>0</nSecRecCount>
        <hSecRec>HANDLE</hSecRec>
        <nMatVwDefnCount>0</nMatVwDefnCount>
        <hMatVwDefn>HANDLE</hMatVwDefn>
      </row>
    </rowset>
  </instance>
  <instance class="FIELD">
    <rowset name="Field" size="936" count="1">
      <row>
        <szLastUpdDttm>2002-11-27-18.07.58.000000</szLastUpdDttm>
        <szLastUpdOprId>PPLSOFT</szLastUpdOprId>
        <szObjectOwnerID>FPC</szObjectOwnerID>
        <nUseCount>1</nUseCount>
        <bUseUpdate>1</bUseUpdate>
        <lVersion>1</lVersion>
        <lSwapVersion>0</lSwapVersion>
        <nSwapNum>0</nSwapNum>
        <szFieldName>DATE_STAMP</szFieldName>
        <szLanguageCd>ENG</szLanguageCd>
        <eFieldType>4</eFieldType>
        <nLength>10</nLength>
        <nDecimalPos>0</nDecimalPos>
        <eFormat>0</eFormat>
        <nFormatLength>0</nFormatLength>
        <eImgFmt>0</eImgFmt>
        <szFormatFamily></szFormatFamily>
        <szDispFmtName></szDispFmtName>
        <nDefCntryYr>50</nDefCntryYr>
        <nIMEMode>0</nIMEMode>
        <nKeyboardLayout>0</nKeyboardLayout>
        <nNotUsed>0</nNotUsed>
        <fAuxFlagMask>0</fAuxFlagMask>
        <nDescrLongLen>0</nDescrLongLen>
        <hDescrLong>HANDLE</hDescrLong>
        <nLabelCount>1</nLabelCount>
        <hDBFldLabel> HANDLE
          <rowset name="DBFldLabel" size="264" count="1">
            <row>
              <szLabelID>DATE_STAMP</szLabelID>
              <szLongName>Date Stamp</szLongName>
              <szShortName>Date Stamp</szShortName>
              <bIsDefault>1</bIsDefault>
              <szLastUpdDttm>2002-11-27-18.07.58.000000</szLastUpdDttm>
              <szLastUpdOprId>PPLSOFT</szLastUpdOprId>
              <nLangCount>0</nLangCount>
              <hLang>HANDLE</hLang>
            </row>
          </rowset>
        </hDBFldLabel>
        <szDefRecName></szDefRecName>
        <szDefFieldName></szDefFieldName>
        <szCurCtlFieldName></szCurCtlFieldName>
        <fUseEdit>0</fUseEdit>
        <fUseEdit2>0</fUseEdit2>
        <szEditTable></szEditTable>
        <nDefGUICtl>0</nDefGUICtl>
        <szSetCntrlFld></szSetCntrlFld>
        <szLabelID>DATE_STAMP</szLabelID>
        <nTimeZoneUse>0</nTimeZoneUse>
        <szTimeZoneFieldName></szTimeZoneFieldName>
        <nCurrencyCtlUse>0</nCurrencyCtlUse>
        <szLongName>Date Stamp</szLongName>
        <szShortName>Date Stamp</szShortName>
        <fStatus>0</fStatus>
        <nLangCount>0</nLangCount>
        <hLang>HANDLE</hLang>
        <nContextLabelCount>0</nContextLabelCount>
        <hDBFldContextLabel>HANDLE</hDBFldContextLabel>
      </row>
    </rowset>
  </instance>
  <instance class="FIELD">
    <rowset name="Field" size="936" count="1">
      <row>
        <szLastUpdDttm>2016-02-22-14.06.58.980951</szLastUpdDttm>
        <szLastUpdOprId>sindhu.d</szLastUpdOprId>
        <szObjectOwnerID></szObjectOwnerID>
        <nUseCount>1</nUseCount>
        <bUseUpdate>1</bUseUpdate>
        <lVersion>1</lVersion>
        <lSwapVersion>0</lSwapVersion>
        <nSwapNum>0</nSwapNum>
        <szFieldName>NB_VALID_SG</szFieldName>
        <szLanguageCd>ENG</szLanguageCd>
        <eFieldType>2</eFieldType>
        <nLength>3</nLength>
        <nDecimalPos>0</nDecimalPos>
        <eFormat>0</eFormat>
        <nFormatLength>0</nFormatLength>
        <eImgFmt>0</eImgFmt>
        <szFormatFamily></szFormatFamily>
        <szDispFmtName></szDispFmtName>
        <nDefCntryYr>50</nDefCntryYr>
        <nIMEMode>0</nIMEMode>
        <nKeyboardLayout>0</nKeyboardLayout>
        <nNotUsed>0</nNotUsed>
        <fAuxFlagMask>0</fAuxFlagMask>
        <nDescrLongLen>0</nDescrLongLen>
        <hDescrLong>HANDLE</hDescrLong>
        <nLabelCount>1</nLabelCount>
        <hDBFldLabel> HANDLE
          <rowset name="DBFldLabel" size="264" count="1">
            <row>
              <szLabelID>NB_VALID_SG</szLabelID>
              <szLongName>nb_valid_sg</szLongName>
              <szShortName>nb_valid_sg</szShortName>
              <bIsDefault>1</bIsDefault>
              <szLastUpdDttm>2016-02-22-14.06.58.980951</szLastUpdDttm>
              <szLastUpdOprId>sindhu.d</szLastUpdOprId>
              <nLangCount>0</nLangCount>
              <hLang>HANDLE</hLang>
            </row>
          </rowset>
        </hDBFldLabel>
        <szDefRecName></szDefRecName>
        <szDefFieldName></szDefFieldName>
        <szCurCtlFieldName></szCurCtlFieldName>
        <fUseEdit>0</fUseEdit>
        <fUseEdit2>0</fUseEdit2>
        <szEditTable></szEditTable>
        <nDefGUICtl>0</nDefGUICtl>
        <szSetCntrlFld></szSetCntrlFld>
        <szLabelID>NB_VALID_SG</szLabelID>
        <nTimeZoneUse>0</nTimeZoneUse>
        <szTimeZoneFieldName></szTimeZoneFieldName>
        <nCurrencyCtlUse>0</nCurrencyCtlUse>
        <szLongName>nb_valid_sg</szLongName>
        <szShortName>nb_valid_sg</szShortName>
        <fStatus>0</fStatus>
        <nLangCount>0</nLangCount>
        <hLang>HANDLE</hLang>
        <nContextLabelCount>0</nContextLabelCount>
        <hDBFldContextLabel>HANDLE</hDBFldContextLabel>
      </row>
    </rowset>
  </instance>
  <instance class="FIELD">
    <rowset name="Field" size="936" count="1">
      <row>
        <szLastUpdDttm>2016-02-22-14.06.58.980922</szLastUpdDttm>
        <szLastUpdOprId>sindhu.d</szLastUpdOprId>
        <szObjectOwnerID></szObjectOwnerID>
        <nUseCount>1</nUseCount>
        <bUseUpdate>1</bUseUpdate>
        <lVersion>1</lVersion>
        <lSwapVersion>0</lSwapVersion>
        <nSwapNum>0</nSwapNum>
        <szFieldName>NB_INVALID_SG</szFieldName>
        <szLanguageCd>ENG</szLanguageCd>
        <eFieldType>2</eFieldType>
        <nLength>3</nLength>
        <nDecimalPos>0</nDecimalPos>
        <eFormat>0</eFormat>
        <nFormatLength>0</nFormatLength>
        <eImgFmt>0</eImgFmt>
        <szFormatFamily></szFormatFamily>
        <szDispFmtName></szDispFmtName>
        <nDefCntryYr>50</nDefCntryYr>
        <nIMEMode>0</nIMEMode>
        <nKeyboardLayout>0</nKeyboardLayout>
        <nNotUsed>0</nNotUsed>
        <fAuxFlagMask>0</fAuxFlagMask>
        <nDescrLongLen>0</nDescrLongLen>
        <hDescrLong>HANDLE</hDescrLong>
        <nLabelCount>1</nLabelCount>
        <hDBFldLabel> HANDLE
          <rowset name="DBFldLabel" size="264" count="1">
            <row>
              <szLabelID>NB_INVALID_SG</szLabelID>
              <szLongName>nb_invalid_sg</szLongName>
              <szShortName>nb_invalid_sg</szShortName>
              <bIsDefault>1</bIsDefault>
              <szLastUpdDttm>2016-02-22-14.06.58.980922</szLastUpdDttm>
              <szLastUpdOprId>sindhu.d</szLastUpdOprId>
              <nLangCount>0</nLangCount>
              <hLang>HANDLE</hLang>
            </row>
          </rowset>
        </hDBFldLabel>
        <szDefRecName></szDefRecName>
        <szDefFieldName></szDefFieldName>
        <szCurCtlFieldName></szCurCtlFieldName>
        <fUseEdit>0</fUseEdit>
        <fUseEdit2>0</fUseEdit2>
        <szEditTable></szEditTable>
        <nDefGUICtl>0</nDefGUICtl>
        <szSetCntrlFld></szSetCntrlFld>
        <szLabelID>NB_INVALID_SG</szLabelID>
        <nTimeZoneUse>0</nTimeZoneUse>
        <szTimeZoneFieldName></szTimeZoneFieldName>
        <nCurrencyCtlUse>0</nCurrencyCtlUse>
        <szLongName>nb_invalid_sg</szLongName>
        <szShortName>nb_invalid_sg</szShortName>
        <fStatus>0</fStatus>
        <nLangCount>0</nLangCount>
        <hLang>HANDLE</hLang>
        <nContextLabelCount>0</nContextLabelCount>
        <hDBFldContextLabel>HANDLE</hDBFldContextLabel>
      </row>
    </rowset>
  </instance>
  <instance class="SRM">
    <rowset name="SrmDefn" size="432" count="1">
      <row>
        <szLastUpdDttm>2016-07-17-12.31.23.934194</szLastUpdDttm>
        <szLastUpdOprId>sindhu.d</szLastUpdOprId>
        <szObjectOwnerId></szObjectOwnerId>
        <nUseCount>1</nUseCount>
        <bUseUpdate>1</bUseUpdate>
        <lVersion>2</lVersion>
        <lSwapVersion>0</lSwapVersion>
        <nSwapNum>0</nSwapNum>
        <szSqlId>MEE_CHECK_VW_SG</szSqlId>
        <szSqlType>2</szSqlType>
        <szLanguageCd>ENG</szLanguageCd>
        <bEnableEffDt>0</bEnableEffDt>
        <cEnableEffDt>N</cEnableEffDt>
        <lStmtCount>1</lStmtCount>
        <lpStmtT> POINTER
          <rowset name="SrmStmt" size="144" count="1">
            <row>
              <szMarket>GBL</szMarket>
              <eDbType>32</eDbType>
              <cDbType> </cDbType>
              <szEffDt>1900-01-01</szEffDt>
              <szDescr></szDescr>
              <lSqlTextLen>942</lSqlTextLen>
              <lpszSqlText> POINTER
                <rowset name="char" size="942" count="1">
                  <row>
                    <lpszSqlText>SELECT B.RELEASE_ID_SG , TO_CHAR(MAX(B.EXEC_TIME)) DATE_STAMP , A.NB_VALID_SG , A.NB_INVALID_SG FROM ( SELECT COUNT(NB_VALID_SG) NB_VALID_SG , COUNT(NB_INVALID_SG) NB_INVALID_SG , RELEASE_ID_SG FROM ( SELECT DECODE(RESULTS ,'OK' , 1) NB_VALID_SG , DECODE(RESULTS ,'KO' , 1) NB_INVALID_SG , RELEASE_ID_SG FROM PS_MEE_CHECK_SG ) GROUP BY RELEASE_ID_SG ) A , PS_MEE_CHECK_SG B WHERE A.RELEASE_ID_SG=B.RELEASE_ID_SG GROUP BY B.RELEASE_ID_SG , a.NB_VALID_SG , A.NB_INVALID_SG;</lpszSqlText>
                  </row>
                </rowset>
              </lpszSqlText>
              <lDescrLongLen>0</lDescrLongLen>
              <lpszDescrLong>POINTER</lpszDescrLong>
              <nLangCount>0</nLangCount>
              <hLang>HANDLE</hLang>
            </row>
          </rowset>
        </lpStmtT>
        <nSqlTextCount>0</nSqlTextCount>
        <lpSqlText>POINTER</lpSqlText>
      </row>
    </rowset>
  </instance>
