<?xml version='1.0'?>
  <!--Warning : Don't edit this file -->
  <instance class="PJM">
    <rowset name="PjmDefn" size="2832" count="1">
      <row>
        <szLastUpdDttm>2015-05-26-14.35.36.588420</szLastUpdDttm>
        <szLastUpdOprId>ayoub.mokhtari</szLastUpdOprId>
        <szObjectOwnerID>0-SG</szObjectOwnerID>
        <nUseCount>1</nUseCount>
        <bUseUpdate>1</bUseUpdate>
        <lVersion>1</lVersion>
        <lSwapVersion>0</lSwapVersion>
        <nSwapNum>0</nSwapNum>
        <szProjectName>SG_LOT1020</szProjectName>
        <szLanguageCd>ENG</szLanguageCd>
        <szProjectDescr>Create Log script SCRIPT_SG</szProjectDescr>
        <szSrcDBName>COEPRF01</szSrcDBName>
        <szSrcOprId>adil.louski</szSrcOprId>
        <szSessionId>146f1f3a-c122-11e6-b327-86c172a473ba</szSessionId>
        <szRunDtTm>2016-12-13-11.51.19.325182</szRunDtTm>
        <szTgtServerName></szTgtServerName>
        <szTgtDBName>COEPRD00</szTgtDBName>
        <szTgtOprId>ayoub.mokhtari</szTgtOprId>
        <fReportFilter>16232832</fReportFilter>
        <eTargetOrientation>0</eTargetOrientation>
        <eCompareType>1</eCompareType>
        <fKeepTgt>31</fKeepTgt>
        <nCommitLimit>50</nCommitLimit>
        <szCompRelease>Financials/SCM 8.90.00.000</szCompRelease>
        <szCompRelDttm></szCompRelDttm>
        <bMaintenanceProject>0</bMaintenanceProject>
        <bUseDbFieldNameAttrib>0</bUseDbFieldNameAttrib>
        <szReleaseLabel></szReleaseLabel>
        <szReleaseDttm></szReleaseDttm>
        <nDescrLongLen>64</nDescrLongLen>
        <hDescrLong> HANDLE
          <rowset name="char" size="64" count="1">
            <row>
              <hDescrLong>Mahmoud HEBBACHE - le 17/03/2015</hDescrLong>
            </row>
          </rowset>
        </hDescrLong>
        <nProjectCount>1</nProjectCount>
        <lpPit> POINTER
          <rowset name="PjmPit" size="856" count="1">
            <row>
              <eObjectType>0</eObjectType>
              <szObjectValue_0>SCRIPT_SG</szObjectValue_0>
              <szObjectValue_1></szObjectValue_1>
              <szObjectValue_2></szObjectValue_2>
              <szObjectValue_3></szObjectValue_3>
              <eObjectID_0>1</eObjectID_0>
              <eObjectID_1>0</eObjectID_1>
              <eObjectID_2>0</eObjectID_2>
              <eObjectID_3>0</eObjectID_3>
              <bExecute>0</bExecute>
              <eSourceStatus>4</eSourceStatus>
              <eTargetStatus>1</eTargetStatus>
              <eUpgradeAction>0</eUpgradeAction>
              <bTakeAction>1</bTakeAction>
              <bCopyDone>0</bCopyDone>
              <eRowStatus>3</eRowStatus>
            </row>
          </rowset>
        </lpPit>
        <nAdsBindingCount>0</nAdsBindingCount>
        <pPrjAdsBinding>POINTER</pPrjAdsBinding>
        <bCopyAllSec>1</bCopyAllSec>
        <bCompAllSec>1</bCompAllSec>
        <nSecCount>70</nSecCount>
        <lpSec> POINTER
          <rowset name="PjmSec" size="1400" count="70">
            <row>
              <eProcessType>0</eProcessType>
              <szSectionName>COMMON</szSectionName>
            </row>
            <row>
              <eProcessType>0</eProcessType>
              <szSectionName>ARA</szSectionName>
            </row>
            <row>
              <eProcessType>0</eProcessType>
              <szSectionName>BUL</szSectionName>
            </row>
            <row>
              <eProcessType>0</eProcessType>
              <szSectionName>CFR</szSectionName>
            </row>
            <row>
              <eProcessType>0</eProcessType>
              <szSectionName>CRO</szSectionName>
            </row>
            <row>
              <eProcessType>0</eProcessType>
              <szSectionName>CZE</szSectionName>
            </row>
            <row>
              <eProcessType>0</eProcessType>
              <szSectionName>DAN</szSectionName>
            </row>
            <row>
              <eProcessType>0</eProcessType>
              <szSectionName>DUT</szSectionName>
            </row>
            <row>
              <eProcessType>0</eProcessType>
              <szSectionName>ENG</szSectionName>
            </row>
            <row>
              <eProcessType>0</eProcessType>
              <szSectionName>ESP</szSectionName>
            </row>
            <row>
              <eProcessType>0</eProcessType>
              <szSectionName>FIN</szSectionName>
            </row>
            <row>
              <eProcessType>0</eProcessType>
              <szSectionName>FRA</szSectionName>
            </row>
            <row>
              <eProcessType>0</eProcessType>
              <szSectionName>GER</szSectionName>
            </row>
            <row>
              <eProcessType>0</eProcessType>
              <szSectionName>GRK</szSectionName>
            </row>
            <row>
              <eProcessType>0</eProcessType>
              <szSectionName>HEB</szSectionName>
            </row>
            <row>
              <eProcessType>0</eProcessType>
              <szSectionName>HUN</szSectionName>
            </row>
            <row>
              <eProcessType>0</eProcessType>
              <szSectionName>ITA</szSectionName>
            </row>
            <row>
              <eProcessType>0</eProcessType>
              <szSectionName>JPN</szSectionName>
            </row>
            <row>
              <eProcessType>0</eProcessType>
              <szSectionName>KOR</szSectionName>
            </row>
            <row>
              <eProcessType>0</eProcessType>
              <szSectionName>MAY</szSectionName>
            </row>
            <row>
              <eProcessType>0</eProcessType>
              <szSectionName>NOR</szSectionName>
            </row>
            <row>
              <eProcessType>0</eProcessType>
              <szSectionName>POL</szSectionName>
            </row>
            <row>
              <eProcessType>0</eProcessType>
              <szSectionName>POR</szSectionName>
            </row>
            <row>
              <eProcessType>0</eProcessType>
              <szSectionName>ROM</szSectionName>
            </row>
            <row>
              <eProcessType>0</eProcessType>
              <szSectionName>RUS</szSectionName>
            </row>
            <row>
              <eProcessType>0</eProcessType>
              <szSectionName>SER</szSectionName>
            </row>
            <row>
              <eProcessType>0</eProcessType>
              <szSectionName>SLK</szSectionName>
            </row>
            <row>
              <eProcessType>0</eProcessType>
              <szSectionName>SLV</szSectionName>
            </row>
            <row>
              <eProcessType>0</eProcessType>
              <szSectionName>SVE</szSectionName>
            </row>
            <row>
              <eProcessType>0</eProcessType>
              <szSectionName>THA</szSectionName>
            </row>
            <row>
              <eProcessType>0</eProcessType>
              <szSectionName>TUR</szSectionName>
            </row>
            <row>
              <eProcessType>0</eProcessType>
              <szSectionName>UKE</szSectionName>
            </row>
            <row>
              <eProcessType>0</eProcessType>
              <szSectionName>VIE</szSectionName>
            </row>
            <row>
              <eProcessType>0</eProcessType>
              <szSectionName>ZHS</szSectionName>
            </row>
            <row>
              <eProcessType>0</eProcessType>
              <szSectionName>ZHT</szSectionName>
            </row>
            <row>
              <eProcessType>2</eProcessType>
              <szSectionName>COMMON</szSectionName>
            </row>
            <row>
              <eProcessType>2</eProcessType>
              <szSectionName>ARA</szSectionName>
            </row>
            <row>
              <eProcessType>2</eProcessType>
              <szSectionName>BUL</szSectionName>
            </row>
            <row>
              <eProcessType>2</eProcessType>
              <szSectionName>CFR</szSectionName>
            </row>
            <row>
              <eProcessType>2</eProcessType>
              <szSectionName>CRO</szSectionName>
            </row>
            <row>
              <eProcessType>2</eProcessType>
              <szSectionName>CZE</szSectionName>
            </row>
            <row>
              <eProcessType>2</eProcessType>
              <szSectionName>DAN</szSectionName>
            </row>
            <row>
              <eProcessType>2</eProcessType>
              <szSectionName>DUT</szSectionName>
            </row>
            <row>
              <eProcessType>2</eProcessType>
              <szSectionName>ENG</szSectionName>
            </row>
            <row>
              <eProcessType>2</eProcessType>
              <szSectionName>ESP</szSectionName>
            </row>
            <row>
              <eProcessType>2</eProcessType>
              <szSectionName>FIN</szSectionName>
            </row>
            <row>
              <eProcessType>2</eProcessType>
              <szSectionName>FRA</szSectionName>
            </row>
            <row>
              <eProcessType>2</eProcessType>
              <szSectionName>GER</szSectionName>
            </row>
            <row>
              <eProcessType>2</eProcessType>
              <szSectionName>GRK</szSectionName>
            </row>
            <row>
              <eProcessType>2</eProcessType>
              <szSectionName>HEB</szSectionName>
            </row>
            <row>
              <eProcessType>2</eProcessType>
              <szSectionName>HUN</szSectionName>
            </row>
            <row>
              <eProcessType>2</eProcessType>
              <szSectionName>ITA</szSectionName>
            </row>
            <row>
              <eProcessType>2</eProcessType>
              <szSectionName>JPN</szSectionName>
            </row>
            <row>
              <eProcessType>2</eProcessType>
              <szSectionName>KOR</szSectionName>
            </row>
            <row>
              <eProcessType>2</eProcessType>
              <szSectionName>MAY</szSectionName>
            </row>
            <row>
              <eProcessType>2</eProcessType>
              <szSectionName>NOR</szSectionName>
            </row>
            <row>
              <eProcessType>2</eProcessType>
              <szSectionName>POL</szSectionName>
            </row>
            <row>
              <eProcessType>2</eProcessType>
              <szSectionName>POR</szSectionName>
            </row>
            <row>
              <eProcessType>2</eProcessType>
              <szSectionName>ROM</szSectionName>
            </row>
            <row>
              <eProcessType>2</eProcessType>
              <szSectionName>RUS</szSectionName>
            </row>
            <row>
              <eProcessType>2</eProcessType>
              <szSectionName>SER</szSectionName>
            </row>
            <row>
              <eProcessType>2</eProcessType>
              <szSectionName>SLK</szSectionName>
            </row>
            <row>
              <eProcessType>2</eProcessType>
              <szSectionName>SLV</szSectionName>
            </row>
            <row>
              <eProcessType>2</eProcessType>
              <szSectionName>SVE</szSectionName>
            </row>
            <row>
              <eProcessType>2</eProcessType>
              <szSectionName>THA</szSectionName>
            </row>
            <row>
              <eProcessType>2</eProcessType>
              <szSectionName>TUR</szSectionName>
            </row>
            <row>
              <eProcessType>2</eProcessType>
              <szSectionName>UKE</szSectionName>
            </row>
            <row>
              <eProcessType>2</eProcessType>
              <szSectionName>VIE</szSectionName>
            </row>
            <row>
              <eProcessType>2</eProcessType>
              <szSectionName>ZHS</szSectionName>
            </row>
            <row>
              <eProcessType>2</eProcessType>
              <szSectionName>ZHT</szSectionName>
            </row>
          </rowset>
        </lpSec>
        <nIncCount>0</nIncCount>
        <lpInc>POINTER</lpInc>
        <nDepCount>0</nDepCount>
        <lpDep>POINTER</lpDep>
        <nLangCount>0</nLangCount>
        <hLang>HANDLE</hLang>
      </row>
    </rowset>
  </instance>
  <instance class="RDM">
    <rowset name="RecDefn" size="920" count="1">
      <row>
        <szLastUpdDttm>2015-05-26-14.35.38.588053</szLastUpdDttm>
        <szLastUpdOprId>mahmoud.hebbache</szLastUpdOprId>
        <szObjectOwnerID></szObjectOwnerID>
        <nUseCount>1</nUseCount>
        <bUseUpdate>1</bUseUpdate>
        <lVersion>1</lVersion>
        <lSwapVersion>1</lSwapVersion>
        <nSwapNum>0</nSwapNum>
        <szRecName>SCRIPT_SG</szRecName>
        <szLanguageCd>ENG</szLanguageCd>
        <fFlags>0</fFlags>
        <fAuxFlagMask>0</fAuxFlagMask>
        <nFieldCount>7</nFieldCount>
        <eRecType>0</eRecType>
        <fRecUse>0</fRecUse>
        <cOptTrigFlag>N</cOptTrigFlag>
        <szAuditRecName></szAuditRecName>
        <szSetCntrlFld></szSetCntrlFld>
        <szRelLangRecName></szRelLangRecName>
        <szOptDelRecName></szOptDelRecName>
        <szParentRecName></szParentRecName>
        <szQrySecRecName></szQrySecRecName>
        <szSqlTableName></szSqlTableName>
        <nBuildSeqNo>1</nBuildSeqNo>
        <szRecDescr></szRecDescr>
        <hAltDefn>HANDLE</hAltDefn>
        <nDescrLongLen>0</nDescrLongLen>
        <hDescrLong>HANDLE</hDescrLong>
        <hRft> HANDLE
          <rowset name="RecField" size="2912" count="7">
            <row>
              <fStatus>0</fStatus>
              <atmFieldName>CASE_ID</atmFieldName>
              <eFieldType>2</eFieldType>
              <nLength>15</nLength>
              <nDecimalPos>0</nDecimalPos>
              <eFormat>0</eFormat>
              <nFormatLength>0</nFormatLength>
              <eImgFmt>0</eImgFmt>
              <atmFormatFamily></atmFormatFamily>
              <atmDispFmtName></atmDispFmtName>
              <nDefCntryYr>50</nDefCntryYr>
              <nIMEMode>0</nIMEMode>
              <nKeyboardLayout>0</nKeyboardLayout>
              <szObjectOwnerID></szObjectOwnerID>
              <szLastUpdDttm>2015-03-17-10.55.48.970392</szLastUpdDttm>
              <szLastUpdOprId>mahmoud.hebbache</szLastUpdOprId>
              <nDescrLongLen>0</nDescrLongLen>
              <hDescrLong>HANDLE</hDescrLong>
              <nLabelCount>10</nLabelCount>
              <hDBFldLabel> HANDLE
                <rowset name="DBFldLabel" size="320" count="10">
                  <row>
                    <atmLabelID>CASE</atmLabelID>
                    <atmLongName>Case ID</atmLongName>
                    <atmShortName>Case</atmShortName>
                    <bIsDefault>1</bIsDefault>
                  </row>
                  <row>
                    <atmLabelID>CASE1</atmLabelID>
                    <atmLongName>Case ID</atmLongName>
                    <atmShortName>Case</atmShortName>
                    <bIsDefault>0</bIsDefault>
                  </row>
                  <row>
                    <atmLabelID>CASE_NUMBER</atmLabelID>
                    <atmLongName>Case Number</atmLongName>
                    <atmShortName>Number</atmShortName>
                    <bIsDefault>0</bIsDefault>
                  </row>
                  <row>
                    <atmLabelID>CASE_REPORT</atmLabelID>
                    <atmLongName>Problem ID</atmLongName>
                    <atmShortName>Prob ID</atmShortName>
                    <bIsDefault>0</bIsDefault>
                  </row>
                  <row>
                    <atmLabelID>GOTO_CASE</atmLabelID>
                    <atmLongName>Go To Case ID</atmLongName>
                    <atmShortName>Go To</atmShortName>
                    <bIsDefault>0</bIsDefault>
                  </row>
                  <row>
                    <atmLabelID>ISSUE</atmLabelID>
                    <atmLongName>Issue</atmLongName>
                    <atmShortName>Issue</atmShortName>
                    <bIsDefault>0</bIsDefault>
                  </row>
                  <row>
                    <atmLabelID>ISSUE_NUMBER</atmLabelID>
                    <atmLongName>Issue Number</atmLongName>
                    <atmShortName>Issue</atmShortName>
                    <bIsDefault>0</bIsDefault>
                  </row>
                  <row>
                    <atmLabelID>LASTCASE</atmLabelID>
                    <atmLongName>Last Case Number</atmLongName>
                    <atmShortName>Last Case</atmShortName>
                    <bIsDefault>0</bIsDefault>
                  </row>
                  <row>
                    <atmLabelID>LASTNBR_GROUPBOX</atmLabelID>
                    <atmLongName>Call Center Last Numbers</atmLongName>
                    <atmShortName>Last Numbers</atmShortName>
                    <bIsDefault>0</bIsDefault>
                  </row>
                  <row>
                    <atmLabelID>PROBLEM</atmLabelID>
                    <atmLongName>Problem Number</atmLongName>
                    <atmShortName>Problem</atmShortName>
                    <bIsDefault>0</bIsDefault>
                  </row>
                </rowset>
              </hDBFldLabel>
              <nOrgLabelCount>0</nOrgLabelCount>
              <hOrgDBFldLabel>HANDLE</hOrgDBFldLabel>
              <nNotUsed>0</nNotUsed>
              <fAuxFlagMask>0</fAuxFlagMask>
              <atmDefRecName></atmDefRecName>
              <atmDefFieldName></atmDefFieldName>
              <atmCurCtlFieldName></atmCurCtlFieldName>
              <fUseEdit>8390945</fUseEdit>
              <fUseEdit2>0</fUseEdit2>
              <atmEditTable></atmEditTable>
              <nDefGUICtl>99</nDefGUICtl>
              <atmSetCntrlFld></atmSetCntrlFld>
              <atmLabelID></atmLabelID>
              <nTimeZoneUse>0</nTimeZoneUse>
              <atmTimeZoneFieldName></atmTimeZoneFieldName>
              <nCurrencyCtlUse>0</nCurrencyCtlUse>
              <atmRelTmDtFieldName></atmRelTmDtFieldName>
              <atmLongName>Case ID</atmLongName>
              <atmShortName>Case</atmShortName>
              <atmPhysicalRecNameList>SCRIPT_SG     </atmPhysicalRecNameList>
              <hDBFldContextLabel>HANDLE</hDBFldContextLabel>
              <nContextLabelCount>0</nContextLabelCount>
            </row>
            <row>
              <fStatus>0</fStatus>
              <atmFieldName>RUNDTTM</atmFieldName>
              <eFieldType>6</eFieldType>
              <nLength>26</nLength>
              <nDecimalPos>0</nDecimalPos>
              <eFormat>12</eFormat>
              <nFormatLength>0</nFormatLength>
              <eImgFmt>0</eImgFmt>
              <atmFormatFamily></atmFormatFamily>
              <atmDispFmtName></atmDispFmtName>
              <nDefCntryYr>50</nDefCntryYr>
              <nIMEMode>1</nIMEMode>
              <nKeyboardLayout>0</nKeyboardLayout>
              <szObjectOwnerID></szObjectOwnerID>
              <szLastUpdDttm>2015-03-17-10.55.48.970392</szLastUpdDttm>
              <szLastUpdOprId>mahmoud.hebbache</szLastUpdOprId>
              <nDescrLongLen>0</nDescrLongLen>
              <hDescrLong>HANDLE</hDescrLong>
              <nLabelCount>5</nLabelCount>
              <hDBFldLabel> HANDLE
                <rowset name="DBFldLabel" size="160" count="5">
                  <row>
                    <atmLabelID>COMPARE</atmLabelID>
                    <atmLongName>Compare Date/Time</atmLongName>
                    <atmShortName>Comp DTTM</atmShortName>
                    <bIsDefault>0</bIsDefault>
                  </row>
                  <row>
                    <atmLabelID>DTTM</atmLabelID>
                    <atmLongName>Date/Time</atmLongName>
                    <atmShortName>Date/Time</atmShortName>
                    <bIsDefault>0</bIsDefault>
                  </row>
                  <row>
                    <atmLabelID>LASTRUN</atmLabelID>
                    <atmLongName>Last Successful Index Built On</atmLongName>
                    <atmShortName>Last Index</atmShortName>
                    <bIsDefault>0</bIsDefault>
                  </row>
                  <row>
                    <atmLabelID>RUNAFTER</atmLabelID>
                    <atmLongName>Run Anytime After</atmLongName>
                    <atmShortName>Run Date/Time</atmShortName>
                    <bIsDefault>0</bIsDefault>
                  </row>
                  <row>
                    <atmLabelID>RUNDTTM</atmLabelID>
                    <atmLongName>Run Date/Time</atmLongName>
                    <atmShortName>Run Date/Time</atmShortName>
                    <bIsDefault>1</bIsDefault>
                  </row>
                </rowset>
              </hDBFldLabel>
              <nOrgLabelCount>0</nOrgLabelCount>
              <hOrgDBFldLabel>HANDLE</hOrgDBFldLabel>
              <nNotUsed>0</nNotUsed>
              <fAuxFlagMask>0</fAuxFlagMask>
              <atmDefRecName></atmDefRecName>
              <atmDefFieldName></atmDefFieldName>
              <atmCurCtlFieldName></atmCurCtlFieldName>
              <fUseEdit>8390945</fUseEdit>
              <fUseEdit2>0</fUseEdit2>
              <atmEditTable></atmEditTable>
              <nDefGUICtl>99</nDefGUICtl>
              <atmSetCntrlFld></atmSetCntrlFld>
              <atmLabelID></atmLabelID>
              <nTimeZoneUse>0</nTimeZoneUse>
              <atmTimeZoneFieldName></atmTimeZoneFieldName>
              <nCurrencyCtlUse>0</nCurrencyCtlUse>
              <atmRelTmDtFieldName></atmRelTmDtFieldName>
              <atmLongName>Run Date/Time</atmLongName>
              <atmShortName>Run Date/Time</atmShortName>
              <atmPhysicalRecNameList>SCRIPT_SG     </atmPhysicalRecNameList>
              <hDBFldContextLabel>HANDLE</hDBFldContextLabel>
              <nContextLabelCount>0</nContextLabelCount>
            </row>
            <row>
              <fStatus>0</fStatus>
              <atmFieldName>FILENAME_SG</atmFieldName>
              <eFieldType>0</eFieldType>
              <nLength>100</nLength>
              <nDecimalPos>0</nDecimalPos>
              <eFormat>6</eFormat>
              <nFormatLength>0</nFormatLength>
              <eImgFmt>0</eImgFmt>
              <atmFormatFamily></atmFormatFamily>
              <atmDispFmtName></atmDispFmtName>
              <nDefCntryYr>50</nDefCntryYr>
              <nIMEMode>0</nIMEMode>
              <nKeyboardLayout>0</nKeyboardLayout>
              <szObjectOwnerID></szObjectOwnerID>
              <szLastUpdDttm>2015-03-17-10.55.48.970392</szLastUpdDttm>
              <szLastUpdOprId>mahmoud.hebbache</szLastUpdOprId>
              <nDescrLongLen>0</nDescrLongLen>
              <hDescrLong>HANDLE</hDescrLong>
              <nLabelCount>4</nLabelCount>
              <hDBFldLabel> HANDLE
                <rowset name="DBFldLabel" size="128" count="4">
                  <row>
                    <atmLabelID>DOWNLOAD/UPLOADDAT</atmLabelID>
                    <atmLongName>Download/Upload Data File</atmLongName>
                    <atmShortName>Download/Upload</atmShortName>
                    <bIsDefault>0</bIsDefault>
                  </row>
                  <row>
                    <atmLabelID>FILENAME</atmLabelID>
                    <atmLongName>File Name</atmLongName>
                    <atmShortName>File Name</atmShortName>
                    <bIsDefault>1</bIsDefault>
                  </row>
                  <row>
                    <atmLabelID>INPUTFILENAME</atmLabelID>
                    <atmLongName>Input File Name</atmLongName>
                    <atmShortName>Input File Name</atmShortName>
                    <bIsDefault>0</bIsDefault>
                  </row>
                  <row>
                    <atmLabelID>OUTPUTFILENAME</atmLabelID>
                    <atmLongName>Output File Name</atmLongName>
                    <atmShortName>Output File Nam</atmShortName>
                    <bIsDefault>0</bIsDefault>
                  </row>
                </rowset>
              </hDBFldLabel>
              <nOrgLabelCount>0</nOrgLabelCount>
              <hOrgDBFldLabel>HANDLE</hOrgDBFldLabel>
              <nNotUsed>0</nNotUsed>
              <fAuxFlagMask>0</fAuxFlagMask>
              <atmDefRecName></atmDefRecName>
              <atmDefFieldName></atmDefFieldName>
              <atmCurCtlFieldName></atmCurCtlFieldName>
              <fUseEdit>8388608</fUseEdit>
              <fUseEdit2>0</fUseEdit2>
              <atmEditTable></atmEditTable>
              <nDefGUICtl>99</nDefGUICtl>
              <atmSetCntrlFld></atmSetCntrlFld>
              <atmLabelID></atmLabelID>
              <nTimeZoneUse>0</nTimeZoneUse>
              <atmTimeZoneFieldName></atmTimeZoneFieldName>
              <nCurrencyCtlUse>0</nCurrencyCtlUse>
              <atmRelTmDtFieldName></atmRelTmDtFieldName>
              <atmLongName>File Name</atmLongName>
              <atmShortName>File Name</atmShortName>
              <atmPhysicalRecNameList>SCRIPT_SG     </atmPhysicalRecNameList>
              <hDBFldContextLabel>HANDLE</hDBFldContextLabel>
              <nContextLabelCount>0</nContextLabelCount>
            </row>
            <row>
              <fStatus>0</fStatus>
              <atmFieldName>DESCR100</atmFieldName>
              <eFieldType>0</eFieldType>
              <nLength>100</nLength>
              <nDecimalPos>0</nDecimalPos>
              <eFormat>6</eFormat>
              <nFormatLength>0</nFormatLength>
              <eImgFmt>0</eImgFmt>
              <atmFormatFamily></atmFormatFamily>
              <atmDispFmtName></atmDispFmtName>
              <nDefCntryYr>50</nDefCntryYr>
              <nIMEMode>0</nIMEMode>
              <nKeyboardLayout>0</nKeyboardLayout>
              <szObjectOwnerID></szObjectOwnerID>
              <szLastUpdDttm>2015-03-17-10.55.48.970392</szLastUpdDttm>
              <szLastUpdOprId>mahmoud.hebbache</szLastUpdOprId>
              <nDescrLongLen>0</nDescrLongLen>
              <hDescrLong>HANDLE</hDescrLong>
              <nLabelCount>39</nLabelCount>
              <hDBFldLabel> HANDLE
                <rowset name="DBFldLabel" size="1248" count="39">
                  <row>
                    <atmLabelID>ACCT.PLANID</atmLabelID>
                    <atmLongName>Acct. Plan ID</atmLongName>
                    <atmShortName>Acct. Plan ID</atmShortName>
                    <bIsDefault>0</bIsDefault>
                  </row>
                  <row>
                    <atmLabelID>ADDRESSDISPLAY</atmLabelID>
                    <atmLongName>Address</atmLongName>
                    <atmShortName>Address</atmShortName>
                    <bIsDefault>0</bIsDefault>
                  </row>
                  <row>
                    <atmLabelID>APPROVERCOMMENT</atmLabelID>
                    <atmLongName>Approver Comment</atmLongName>
                    <atmShortName>Comment</atmShortName>
                    <bIsDefault>0</bIsDefault>
                  </row>
                  <row>
                    <atmLabelID>AUTHORIAQUCIKVIEW</atmLabelID>
                    <atmLongName>Authoria Qucik View</atmLongName>
                    <atmShortName>Authoria Qucik</atmShortName>
                    <bIsDefault>0</bIsDefault>
                  </row>
                  <row>
                    <atmLabelID>AWARD_DESCRIPTION</atmLabelID>
                    <atmLongName>Award Description</atmLongName>
                    <atmShortName>Descr</atmShortName>
                    <bIsDefault>0</bIsDefault>
                  </row>
                  <row>
                    <atmLabelID>BILLPLANID</atmLabelID>
                    <atmLongName>Bill Plan ID</atmLongName>
                    <atmShortName>Bill Plan ID</atmShortName>
                    <bIsDefault>0</bIsDefault>
                  </row>
                  <row>
                    <atmLabelID>CLOSING_COMMENTS</atmLabelID>
                    <atmLongName>Closing Comments Text</atmLongName>
                    <atmShortName>Closing Comment</atmShortName>
                    <bIsDefault>0</bIsDefault>
                  </row>
                  <row>
                    <atmLabelID>CMPGN_WAVE</atmLabelID>
                    <atmLongName>Campaign Wave</atmLongName>
                    <atmShortName>Campaign Wave</atmShortName>
                    <bIsDefault>0</bIsDefault>
                  </row>
                  <row>
                    <atmLabelID>COMMENT100</atmLabelID>
                    <atmLongName>Comment</atmLongName>
                    <atmShortName>Comment</atmShortName>
                    <bIsDefault>0</bIsDefault>
                  </row>
                  <row>
                    <atmLabelID>COMMENTS</atmLabelID>
                    <atmLongName>Comments</atmLongName>
                    <atmShortName>Comments</atmShortName>
                    <bIsDefault>0</bIsDefault>
                  </row>
                  <row>
                    <atmLabelID>CONTRACT</atmLabelID>
                    <atmLongName>Contract</atmLongName>
                    <atmShortName>Contract</atmShortName>
                    <bIsDefault>0</bIsDefault>
                  </row>
                  <row>
                    <atmLabelID>CONTRACTLINE</atmLabelID>
                    <atmLongName>Contract Line</atmLongName>
                    <atmShortName>Contract Line</atmShortName>
                    <bIsDefault>0</bIsDefault>
                  </row>
                  <row>
                    <atmLabelID>CPQSELECTEDFLD</atmLabelID>
                    <atmLongName>Selected Field</atmLongName>
                    <atmShortName>Field</atmShortName>
                    <bIsDefault>0</bIsDefault>
                  </row>
                  <row>
                    <atmLabelID>CS_CONT_FILE</atmLabelID>
                    <atmLongName>File Name</atmLongName>
                    <atmShortName>File</atmShortName>
                    <bIsDefault>0</bIsDefault>
                  </row>
                  <row>
                    <atmLabelID>DESCR</atmLabelID>
                    <atmLongName>Descr</atmLongName>
                    <atmShortName>Descr</atmShortName>
                    <bIsDefault>0</bIsDefault>
                  </row>
                  <row>
                    <atmLabelID>DESCR100</atmLabelID>
                    <atmLongName>Description</atmLongName>
                    <atmShortName>Descriptio</atmShortName>
                    <bIsDefault>1</bIsDefault>
                  </row>
                  <row>
                    <atmLabelID>DESCR_MESSAGE</atmLabelID>
                    <atmLongName>No Messages</atmLongName>
                    <atmShortName>Messages</atmShortName>
                    <bIsDefault>0</bIsDefault>
                  </row>
                  <row>
                    <atmLabelID>DISPLAYNAME</atmLabelID>
                    <atmLongName>Display Name</atmLongName>
                    <atmShortName>Display</atmShortName>
                    <bIsDefault>0</bIsDefault>
                  </row>
                  <row>
                    <atmLabelID>DP_LEVEL1</atmLabelID>
                    <atmLongName>Level 1</atmLongName>
                    <atmShortName>Level 1</atmShortName>
                    <bIsDefault>0</bIsDefault>
                  </row>
                  <row>
                    <atmLabelID>EXAMPLE</atmLabelID>
                    <atmLongName>Example</atmLongName>
                    <atmShortName>Example</atmShortName>
                    <bIsDefault>0</bIsDefault>
                  </row>
                  <row>
                    <atmLabelID>FTPEXAMPLE</atmLabelID>
                    <atmLongName>FTP Example</atmLongName>
                    <atmShortName>FTP Example</atmShortName>
                    <bIsDefault>0</bIsDefault>
                  </row>
                  <row>
                    <atmLabelID>HIERARCHYPATH</atmLabelID>
                    <atmLongName>Hierarchy Path</atmLongName>
                    <atmShortName>Hierarchy Path</atmShortName>
                    <bIsDefault>0</bIsDefault>
                  </row>
                  <row>
                    <atmLabelID>IF_NO</atmLabelID>
                    <atmLongName>If &quot;No&quot;</atmLongName>
                    <atmShortName>If &quot;No&quot;</atmShortName>
                    <bIsDefault>0</bIsDefault>
                  </row>
                  <row>
                    <atmLabelID>LISTPRICE</atmLabelID>
                    <atmLongName>List Price</atmLongName>
                    <atmShortName>List Price</atmShortName>
                    <bIsDefault>0</bIsDefault>
                  </row>
                  <row>
                    <atmLabelID>LOCATIONSOFSQLEXEC</atmLabelID>
                    <atmLongName>Locations of SQL Exec Errors</atmLongName>
                    <atmShortName>Locations of SQ</atmShortName>
                    <bIsDefault>0</bIsDefault>
                  </row>
                  <row>
                    <atmLabelID>MESSAGE</atmLabelID>
                    <atmLongName>Message</atmLongName>
                    <atmShortName>Message</atmShortName>
                    <bIsDefault>0</bIsDefault>
                  </row>
                  <row>
                    <atmLabelID>NONAPPREXPENSE</atmLabelID>
                    <atmLongName>Non-Approved Expenses</atmLongName>
                    <atmShortName>Non-Approved</atmShortName>
                    <bIsDefault>0</bIsDefault>
                  </row>
                  <row>
                    <atmLabelID>NOTES</atmLabelID>
                    <atmLongName>Notes</atmLongName>
                    <atmShortName>Note</atmShortName>
                    <bIsDefault>0</bIsDefault>
                  </row>
                  <row>
                    <atmLabelID>PRODUCT</atmLabelID>
                    <atmLongName>Product Name</atmLongName>
                    <atmShortName>Product</atmShortName>
                    <bIsDefault>0</bIsDefault>
                  </row>
                  <row>
                    <atmLabelID>PROJECT</atmLabelID>
                    <atmLongName>Project</atmLongName>
                    <atmShortName>Project</atmShortName>
                    <bIsDefault>0</bIsDefault>
                  </row>
                  <row>
                    <atmLabelID>RECORDFIELD</atmLabelID>
                    <atmLongName>Record.Fieldname</atmLongName>
                    <atmShortName>Record.Field</atmShortName>
                    <bIsDefault>0</bIsDefault>
                  </row>
                  <row>
                    <atmLabelID>REGIO</atmLabelID>
                    <atmLongName>Current Region</atmLongName>
                    <atmShortName>Region</atmShortName>
                    <bIsDefault>0</bIsDefault>
                  </row>
                  <row>
                    <atmLabelID>REMARK</atmLabelID>
                    <atmLongName>Remark</atmLongName>
                    <atmShortName>Remark</atmShortName>
                    <bIsDefault>0</bIsDefault>
                  </row>
                  <row>
                    <atmLabelID>REPORT NAME</atmLabelID>
                    <atmLongName>Report Name</atmLongName>
                    <atmShortName>Report Name</atmShortName>
                    <bIsDefault>0</bIsDefault>
                  </row>
                  <row>
                    <atmLabelID>SET_VALUE</atmLabelID>
                    <atmLongName>Value</atmLongName>
                    <atmShortName>Value</atmShortName>
                    <bIsDefault>0</bIsDefault>
                  </row>
                  <row>
                    <atmLabelID>TITLE</atmLabelID>
                    <atmLongName>Title</atmLongName>
                    <atmShortName>Title</atmShortName>
                    <bIsDefault>0</bIsDefault>
                  </row>
                  <row>
                    <atmLabelID>TS1-DESCR100</atmLabelID>
                    <atmLongName>Description</atmLongName>
                    <atmShortName>Descr</atmShortName>
                    <bIsDefault>0</bIsDefault>
                  </row>
                  <row>
                    <atmLabelID>TS2-DESCR100</atmLabelID>
                    <atmLongName>Description</atmLongName>
                    <atmShortName>Descr</atmShortName>
                    <bIsDefault>0</bIsDefault>
                  </row>
                  <row>
                    <atmLabelID>WORKITEM</atmLabelID>
                    <atmLongName>Work Item</atmLongName>
                    <atmShortName>Work Item</atmShortName>
                    <bIsDefault>0</bIsDefault>
                  </row>
                </rowset>
              </hDBFldLabel>
              <nOrgLabelCount>0</nOrgLabelCount>
              <hOrgDBFldLabel>HANDLE</hOrgDBFldLabel>
              <nNotUsed>0</nNotUsed>
              <fAuxFlagMask>0</fAuxFlagMask>
              <atmDefRecName></atmDefRecName>
              <atmDefFieldName></atmDefFieldName>
              <atmCurCtlFieldName></atmCurCtlFieldName>
              <fUseEdit>8388608</fUseEdit>
              <fUseEdit2>0</fUseEdit2>
              <atmEditTable></atmEditTable>
              <nDefGUICtl>99</nDefGUICtl>
              <atmSetCntrlFld></atmSetCntrlFld>
              <atmLabelID></atmLabelID>
              <nTimeZoneUse>0</nTimeZoneUse>
              <atmTimeZoneFieldName></atmTimeZoneFieldName>
              <nCurrencyCtlUse>0</nCurrencyCtlUse>
              <atmRelTmDtFieldName></atmRelTmDtFieldName>
              <atmLongName>Description</atmLongName>
              <atmShortName>Descriptio</atmShortName>
              <atmPhysicalRecNameList>SCRIPT_SG     </atmPhysicalRecNameList>
              <hDBFldContextLabel>HANDLE</hDBFldContextLabel>
              <nContextLabelCount>0</nContextLabelCount>
            </row>
            <row>
              <fStatus>0</fStatus>
              <atmFieldName>VERSION_CHAR</atmFieldName>
              <eFieldType>0</eFieldType>
              <nLength>10</nLength>
              <nDecimalPos>0</nDecimalPos>
              <eFormat>6</eFormat>
              <nFormatLength>0</nFormatLength>
              <eImgFmt>0</eImgFmt>
              <atmFormatFamily></atmFormatFamily>
              <atmDispFmtName></atmDispFmtName>
              <nDefCntryYr>50</nDefCntryYr>
              <nIMEMode>0</nIMEMode>
              <nKeyboardLayout>0</nKeyboardLayout>
              <szObjectOwnerID></szObjectOwnerID>
              <szLastUpdDttm>2015-03-17-10.55.48.970392</szLastUpdDttm>
              <szLastUpdOprId>mahmoud.hebbache</szLastUpdOprId>
              <nDescrLongLen>0</nDescrLongLen>
              <hDescrLong>HANDLE</hDescrLong>
              <nLabelCount>1</nLabelCount>
              <hDBFldLabel> HANDLE
                <rowset name="DBFldLabel" size="32" count="1">
                  <row>
                    <atmLabelID>VERSION</atmLabelID>
                    <atmLongName>Version</atmLongName>
                    <atmShortName>Version</atmShortName>
                    <bIsDefault>1</bIsDefault>
                  </row>
                </rowset>
              </hDBFldLabel>
              <nOrgLabelCount>0</nOrgLabelCount>
              <hOrgDBFldLabel>HANDLE</hOrgDBFldLabel>
              <nNotUsed>0</nNotUsed>
              <fAuxFlagMask>0</fAuxFlagMask>
              <atmDefRecName></atmDefRecName>
              <atmDefFieldName></atmDefFieldName>
              <atmCurCtlFieldName></atmCurCtlFieldName>
              <fUseEdit>8388608</fUseEdit>
              <fUseEdit2>0</fUseEdit2>
              <atmEditTable></atmEditTable>
              <nDefGUICtl>99</nDefGUICtl>
              <atmSetCntrlFld></atmSetCntrlFld>
              <atmLabelID></atmLabelID>
              <nTimeZoneUse>0</nTimeZoneUse>
              <atmTimeZoneFieldName></atmTimeZoneFieldName>
              <nCurrencyCtlUse>0</nCurrencyCtlUse>
              <atmRelTmDtFieldName></atmRelTmDtFieldName>
              <atmLongName>Version</atmLongName>
              <atmShortName>Version</atmShortName>
              <atmPhysicalRecNameList>SCRIPT_SG     </atmPhysicalRecNameList>
              <hDBFldContextLabel>HANDLE</hDBFldContextLabel>
              <nContextLabelCount>0</nContextLabelCount>
            </row>
            <row>
              <fStatus>0</fStatus>
              <atmFieldName>DMS_OPRID_SG</atmFieldName>
              <eFieldType>0</eFieldType>
              <nLength>30</nLength>
              <nDecimalPos>0</nDecimalPos>
              <eFormat>0</eFormat>
              <nFormatLength>0</nFormatLength>
              <eImgFmt>0</eImgFmt>
              <atmFormatFamily></atmFormatFamily>
              <atmDispFmtName></atmDispFmtName>
              <nDefCntryYr>50</nDefCntryYr>
              <nIMEMode>0</nIMEMode>
              <nKeyboardLayout>0</nKeyboardLayout>
              <szObjectOwnerID></szObjectOwnerID>
              <szLastUpdDttm>2015-03-17-10.55.48.970392</szLastUpdDttm>
              <szLastUpdOprId>mahmoud.hebbache</szLastUpdOprId>
              <nDescrLongLen>0</nDescrLongLen>
              <hDescrLong>HANDLE</hDescrLong>
              <nLabelCount>1</nLabelCount>
              <hDBFldLabel> HANDLE
                <rowset name="DBFldLabel" size="32" count="1">
                  <row>
                    <atmLabelID>DMS_OPRID_SG</atmLabelID>
                    <atmLongName>User Batch</atmLongName>
                    <atmShortName>Batch user</atmShortName>
                    <bIsDefault>1</bIsDefault>
                  </row>
                </rowset>
              </hDBFldLabel>
              <nOrgLabelCount>0</nOrgLabelCount>
              <hOrgDBFldLabel>HANDLE</hOrgDBFldLabel>
              <nNotUsed>0</nNotUsed>
              <fAuxFlagMask>0</fAuxFlagMask>
              <atmDefRecName></atmDefRecName>
              <atmDefFieldName></atmDefFieldName>
              <atmCurCtlFieldName></atmCurCtlFieldName>
              <fUseEdit>8388608</fUseEdit>
              <fUseEdit2>0</fUseEdit2>
              <atmEditTable></atmEditTable>
              <nDefGUICtl>99</nDefGUICtl>
              <atmSetCntrlFld></atmSetCntrlFld>
              <atmLabelID></atmLabelID>
              <nTimeZoneUse>0</nTimeZoneUse>
              <atmTimeZoneFieldName></atmTimeZoneFieldName>
              <nCurrencyCtlUse>0</nCurrencyCtlUse>
              <atmRelTmDtFieldName></atmRelTmDtFieldName>
              <atmLongName>User Batch</atmLongName>
              <atmShortName>Batch user</atmShortName>
              <atmPhysicalRecNameList>SCRIPT_SG     </atmPhysicalRecNameList>
              <hDBFldContextLabel>HANDLE</hDBFldContextLabel>
              <nContextLabelCount>0</nContextLabelCount>
            </row>
            <row>
              <fStatus>0</fStatus>
              <atmFieldName>APPROVAL_OPRID</atmFieldName>
              <eFieldType>0</eFieldType>
              <nLength>30</nLength>
              <nDecimalPos>0</nDecimalPos>
              <eFormat>0</eFormat>
              <nFormatLength>0</nFormatLength>
              <eImgFmt>0</eImgFmt>
              <atmFormatFamily></atmFormatFamily>
              <atmDispFmtName></atmDispFmtName>
              <nDefCntryYr>50</nDefCntryYr>
              <nIMEMode>0</nIMEMode>
              <nKeyboardLayout>0</nKeyboardLayout>
              <szObjectOwnerID></szObjectOwnerID>
              <szLastUpdDttm>2015-03-17-10.55.48.970392</szLastUpdDttm>
              <szLastUpdOprId>mahmoud.hebbache</szLastUpdOprId>
              <nDescrLongLen>0</nDescrLongLen>
              <hDescrLong>HANDLE</hDescrLong>
              <nLabelCount>9</nLabelCount>
              <hDBFldLabel> HANDLE
                <rowset name="DBFldLabel" size="288" count="9">
                  <row>
                    <atmLabelID>APPROVAL_OPRID</atmLabelID>
                    <atmLongName>Approval User Id</atmLongName>
                    <atmShortName>User Id</atmShortName>
                    <bIsDefault>1</bIsDefault>
                  </row>
                  <row>
                    <atmLabelID>APPROVED_BY</atmLabelID>
                    <atmLongName>Approved By</atmLongName>
                    <atmShortName>Approved By</atmShortName>
                    <bIsDefault>0</bIsDefault>
                  </row>
                  <row>
                    <atmLabelID>APPROVER</atmLabelID>
                    <atmLongName>Approver</atmLongName>
                    <atmShortName>Approver</atmShortName>
                    <bIsDefault>0</bIsDefault>
                  </row>
                  <row>
                    <atmLabelID>APPROVERID</atmLabelID>
                    <atmLongName>Approver ID</atmLongName>
                    <atmShortName>Approver ID</atmShortName>
                    <bIsDefault>0</bIsDefault>
                  </row>
                  <row>
                    <atmLabelID>BY</atmLabelID>
                    <atmLongName>by</atmLongName>
                    <atmShortName>by</atmShortName>
                    <bIsDefault>0</bIsDefault>
                  </row>
                  <row>
                    <atmLabelID>LASTAPPROVED</atmLabelID>
                    <atmLongName>Last Approved By</atmLongName>
                    <atmShortName>Last Approved</atmShortName>
                    <bIsDefault>0</bIsDefault>
                  </row>
                  <row>
                    <atmLabelID>LAST_STATUS</atmLabelID>
                    <atmLongName>Last Status Change By</atmLongName>
                    <atmShortName>Status Change</atmShortName>
                    <bIsDefault>0</bIsDefault>
                  </row>
                  <row>
                    <atmLabelID>TS1-APPROVAL_OPRID</atmLabelID>
                    <atmLongName>Approval User Id</atmLongName>
                    <atmShortName>User Id</atmShortName>
                    <bIsDefault>0</bIsDefault>
                  </row>
                  <row>
                    <atmLabelID>TS2-APPROVAL_OPRID</atmLabelID>
                    <atmLongName>Approval User Id</atmLongName>
                    <atmShortName>User Id</atmShortName>
                    <bIsDefault>0</bIsDefault>
                  </row>
                </rowset>
              </hDBFldLabel>
              <nOrgLabelCount>0</nOrgLabelCount>
              <hOrgDBFldLabel>HANDLE</hOrgDBFldLabel>
              <nNotUsed>0</nNotUsed>
              <fAuxFlagMask>0</fAuxFlagMask>
              <atmDefRecName></atmDefRecName>
              <atmDefFieldName></atmDefFieldName>
              <atmCurCtlFieldName></atmCurCtlFieldName>
              <fUseEdit>8388608</fUseEdit>
              <fUseEdit2>0</fUseEdit2>
              <atmEditTable></atmEditTable>
              <nDefGUICtl>99</nDefGUICtl>
              <atmSetCntrlFld></atmSetCntrlFld>
              <atmLabelID></atmLabelID>
              <nTimeZoneUse>0</nTimeZoneUse>
              <atmTimeZoneFieldName></atmTimeZoneFieldName>
              <nCurrencyCtlUse>0</nCurrencyCtlUse>
              <atmRelTmDtFieldName></atmRelTmDtFieldName>
              <atmLongName>Approval User Id</atmLongName>
              <atmShortName>User Id</atmShortName>
              <atmPhysicalRecNameList>SCRIPT_SG     </atmPhysicalRecNameList>
              <hDBFldContextLabel>HANDLE</hDBFldContextLabel>
              <nContextLabelCount>0</nContextLabelCount>
            </row>
          </rowset>
        </hRft>
        <nIndexCount>1</nIndexCount>
        <lpIdt> POINTER
          <rowset name="IndexDefn" size="720" count="1">
            <row>
              <cIndexId>_</cIndexId>
              <eIndexType>1</eIndexType>
              <eUniqueFlag>1</eUniqueFlag>
              <eClusterFlag>1</eClusterFlag>
              <eActiveFlag>1</eActiveFlag>
              <nCustKeyOrder>0</nCustKeyOrder>
              <szComments></szComments>
              <ePlatformList>1 1 1 1 1 1 1 1     </ePlatformList>
              <nKeyCount>2</nKeyCount>
              <lpKdt> POINTER
                <rowset name="KeyDefn" size="96" count="2">
                  <row>
                    <nKeyPosn>1</nKeyPosn>
                    <szFieldName>CASE_ID</szFieldName>
                    <eAscDesc>1</eAscDesc>
                  </row>
                  <row>
                    <nKeyPosn>2</nKeyPosn>
                    <szFieldName>RUNDTTM</szFieldName>
                    <eAscDesc>1</eAscDesc>
                  </row>
                </rowset>
              </lpKdt>
              <nDDLCount>0</nDDLCount>
              <lpIpt>POINTER</lpIpt>
              <szLastUpdDttm>2015-05-26-14.35.38.588053</szLastUpdDttm>
              <szLastUpdOprId>mahmoud.hebbache</szLastUpdOprId>
            </row>
          </rowset>
        </lpIdt>
        <nDDLCount>0</nDDLCount>
        <lpRpt>POINTER</lpRpt>
        <nDelFieldCount>0</nDelFieldCount>
        <hDelRft>HANDLE</hDelRft>
        <hOrgDefn>HANDLE</hOrgDefn>
        <hExpDefn>HANDLE</hExpDefn>
        <nLangCount>0</nLangCount>
        <hLang>HANDLE</hLang>
        <szSystemIDFieldName></szSystemIDFieldName>
        <szRowLevelTimeStampFieldName></szRowLevelTimeStampFieldName>
        <nTblSpcCount>1</nTblSpcCount>
        <lpSpct> POINTER
          <rowset name="RecTblSpc" size="82" count="1">
            <row>
              <szDDLSpaceName>GLAPP</szDDLSpaceName>
              <szDBName></szDBName>
              <eDBType> </eDBType>
            </row>
          </rowset>
        </lpSpct>
        <nSecRecCount>0</nSecRecCount>
        <hSecRec>HANDLE</hSecRec>
        <nMatVwDefnCount>0</nMatVwDefnCount>
        <hMatVwDefn>HANDLE</hMatVwDefn>
      </row>
    </rowset>
  </instance>
  <instance class="FIELD">
    <rowset name="Field" size="936" count="1">
      <row>
        <szLastUpdDttm>2004-06-01-16.32.47.000000</szLastUpdDttm>
        <szLastUpdOprId>PPLSOFT</szLastUpdOprId>
        <szObjectOwnerID>RC</szObjectOwnerID>
        <nUseCount>1</nUseCount>
        <bUseUpdate>1</bUseUpdate>
        <lVersion>1</lVersion>
        <lSwapVersion>0</lSwapVersion>
        <nSwapNum>0</nSwapNum>
        <szFieldName>CASE_ID</szFieldName>
        <szLanguageCd>ENG</szLanguageCd>
        <eFieldType>2</eFieldType>
        <nLength>15</nLength>
        <nDecimalPos>0</nDecimalPos>
        <eFormat>0</eFormat>
        <nFormatLength>0</nFormatLength>
        <eImgFmt>0</eImgFmt>
        <szFormatFamily></szFormatFamily>
        <szDispFmtName></szDispFmtName>
        <nDefCntryYr>50</nDefCntryYr>
        <nIMEMode>0</nIMEMode>
        <nKeyboardLayout>0</nKeyboardLayout>
        <nNotUsed>0</nNotUsed>
        <fAuxFlagMask>0</fAuxFlagMask>
        <nDescrLongLen>332</nDescrLongLen>
        <hDescrLong> HANDLE
          <rowset name="char" size="332" count="1">
            <row>
              <hDescrLong>Case ID. This is a unique ID assigned to a case when it is saved. Unique ID is ensured by getting the next value from the auto-numbering table and updating the table.</hDescrLong>
            </row>
          </rowset>
        </hDescrLong>
        <nLabelCount>10</nLabelCount>
        <hDBFldLabel> HANDLE
          <rowset name="DBFldLabel" size="2640" count="10">
            <row>
              <szLabelID>GOTO_CASE</szLabelID>
              <szLongName>Go To Case ID</szLongName>
              <szShortName>Go To</szShortName>
              <bIsDefault>0</bIsDefault>
              <szLastUpdDttm>2004-06-01-16.32.47.000000</szLastUpdDttm>
              <szLastUpdOprId>PPLSOFT</szLastUpdOprId>
              <nLangCount>0</nLangCount>
              <hLang>HANDLE</hLang>
            </row>
            <row>
              <szLabelID>LASTCASE</szLabelID>
              <szLongName>Last Case Number</szLongName>
              <szShortName>Last Case</szShortName>
              <bIsDefault>0</bIsDefault>
              <szLastUpdDttm>2004-06-01-16.32.47.000000</szLastUpdDttm>
              <szLastUpdOprId>PPLSOFT</szLastUpdOprId>
              <nLangCount>0</nLangCount>
              <hLang>HANDLE</hLang>
            </row>
            <row>
              <szLabelID>LASTNBR_GROUPBOX</szLabelID>
              <szLongName>Call Center Last Numbers</szLongName>
              <szShortName>Last Numbers</szShortName>
              <bIsDefault>0</bIsDefault>
              <szLastUpdDttm>2004-06-01-16.32.47.000000</szLastUpdDttm>
              <szLastUpdOprId>PPLSOFT</szLastUpdOprId>
              <nLangCount>0</nLangCount>
              <hLang>HANDLE</hLang>
            </row>
            <row>
              <szLabelID>CASE1</szLabelID>
              <szLongName>Case ID</szLongName>
              <szShortName>Case</szShortName>
              <bIsDefault>0</bIsDefault>
              <szLastUpdDttm>2004-06-01-16.32.47.000000</szLastUpdDttm>
              <szLastUpdOprId>PPLSOFT</szLastUpdOprId>
              <nLangCount>0</nLangCount>
              <hLang>HANDLE</hLang>
            </row>
            <row>
              <szLabelID>PROBLEM</szLabelID>
              <szLongName>Problem Number</szLongName>
              <szShortName>Problem</szShortName>
              <bIsDefault>0</bIsDefault>
              <szLastUpdDttm>2004-06-01-16.32.47.000000</szLastUpdDttm>
              <szLastUpdOprId>PPLSOFT</szLastUpdOprId>
              <nLangCount>0</nLangCount>
              <hLang>HANDLE</hLang>
            </row>
            <row>
              <szLabelID>ISSUE</szLabelID>
              <szLongName>Issue</szLongName>
              <szShortName>Issue</szShortName>
              <bIsDefault>0</bIsDefault>
              <szLastUpdDttm>2004-06-01-16.32.47.000000</szLastUpdDttm>
              <szLastUpdOprId>PPLSOFT</szLastUpdOprId>
              <nLangCount>0</nLangCount>
              <hLang>HANDLE</hLang>
            </row>
            <row>
              <szLabelID>CASE_NUMBER</szLabelID>
              <szLongName>Case Number</szLongName>
              <szShortName>Number</szShortName>
              <bIsDefault>0</bIsDefault>
              <szLastUpdDttm>2004-06-01-16.32.47.000000</szLastUpdDttm>
              <szLastUpdOprId>PPLSOFT</szLastUpdOprId>
              <nLangCount>0</nLangCount>
              <hLang>HANDLE</hLang>
            </row>
            <row>
              <szLabelID>CASE_REPORT</szLabelID>
              <szLongName>Problem ID</szLongName>
              <szShortName>Prob ID</szShortName>
              <bIsDefault>0</bIsDefault>
              <szLastUpdDttm>2004-06-01-16.32.47.000000</szLastUpdDttm>
              <szLastUpdOprId>PPLSOFT</szLastUpdOprId>
              <nLangCount>0</nLangCount>
              <hLang>HANDLE</hLang>
            </row>
            <row>
              <szLabelID>CASE</szLabelID>
              <szLongName>Case ID</szLongName>
              <szShortName>Case</szShortName>
              <bIsDefault>1</bIsDefault>
              <szLastUpdDttm>2004-06-01-16.32.47.000000</szLastUpdDttm>
              <szLastUpdOprId>PPLSOFT</szLastUpdOprId>
              <nLangCount>0</nLangCount>
              <hLang>HANDLE</hLang>
            </row>
            <row>
              <szLabelID>ISSUE_NUMBER</szLabelID>
              <szLongName>Issue Number</szLongName>
              <szShortName>Issue</szShortName>
              <bIsDefault>0</bIsDefault>
              <szLastUpdDttm>2004-06-01-16.32.47.000000</szLastUpdDttm>
              <szLastUpdOprId>PPLSOFT</szLastUpdOprId>
              <nLangCount>0</nLangCount>
              <hLang>HANDLE</hLang>
            </row>
          </rowset>
        </hDBFldLabel>
        <szDefRecName></szDefRecName>
        <szDefFieldName></szDefFieldName>
        <szCurCtlFieldName></szCurCtlFieldName>
        <fUseEdit>0</fUseEdit>
        <fUseEdit2>0</fUseEdit2>
        <szEditTable></szEditTable>
        <nDefGUICtl>0</nDefGUICtl>
        <szSetCntrlFld></szSetCntrlFld>
        <szLabelID>CASE</szLabelID>
        <nTimeZoneUse>0</nTimeZoneUse>
        <szTimeZoneFieldName></szTimeZoneFieldName>
        <nCurrencyCtlUse>0</nCurrencyCtlUse>
        <szLongName>Case ID</szLongName>
        <szShortName>Case</szShortName>
        <fStatus>0</fStatus>
        <nLangCount>0</nLangCount>
        <hLang>HANDLE</hLang>
        <nContextLabelCount>0</nContextLabelCount>
        <hDBFldContextLabel>HANDLE</hDBFldContextLabel>
      </row>
    </rowset>
  </instance>
  <instance class="FIELD">
    <rowset name="Field" size="936" count="1">
      <row>
        <szLastUpdDttm>2016-07-17-08.49.57.037547</szLastUpdDttm>
        <szLastUpdOprId>PPLSOFT</szLastUpdOprId>
        <szObjectOwnerID>PPT</szObjectOwnerID>
        <nUseCount>1</nUseCount>
        <bUseUpdate>1</bUseUpdate>
        <lVersion>1</lVersion>
        <lSwapVersion>0</lSwapVersion>
        <nSwapNum>0</nSwapNum>
        <szFieldName>RUNDTTM</szFieldName>
        <szLanguageCd>ENG</szLanguageCd>
        <eFieldType>6</eFieldType>
        <nLength>26</nLength>
        <nDecimalPos>0</nDecimalPos>
        <eFormat>12</eFormat>
        <nFormatLength>0</nFormatLength>
        <eImgFmt>0</eImgFmt>
        <szFormatFamily></szFormatFamily>
        <szDispFmtName></szDispFmtName>
        <nDefCntryYr>50</nDefCntryYr>
        <nIMEMode>1</nIMEMode>
        <nKeyboardLayout>0</nKeyboardLayout>
        <nNotUsed>0</nNotUsed>
        <fAuxFlagMask>0</fAuxFlagMask>
        <nDescrLongLen>0</nDescrLongLen>
        <hDescrLong>HANDLE</hDescrLong>
        <nLabelCount>5</nLabelCount>
        <hDBFldLabel> HANDLE
          <rowset name="DBFldLabel" size="1320" count="5">
            <row>
              <szLabelID>LASTRUN</szLabelID>
              <szLongName>Last Successful Index Built On</szLongName>
              <szShortName>Last Index</szShortName>
              <bIsDefault>0</bIsDefault>
              <szLastUpdDttm>2016-07-17-08.49.57.037547</szLastUpdDttm>
              <szLastUpdOprId>PPLSOFT</szLastUpdOprId>
              <nLangCount>0</nLangCount>
              <hLang>HANDLE</hLang>
            </row>
            <row>
              <szLabelID>RUNDTTM</szLabelID>
              <szLongName>Run Date/Time</szLongName>
              <szShortName>Run Date/Time</szShortName>
              <bIsDefault>1</bIsDefault>
              <szLastUpdDttm>2016-07-17-08.49.57.037547</szLastUpdDttm>
              <szLastUpdOprId>PPLSOFT</szLastUpdOprId>
              <nLangCount>0</nLangCount>
              <hLang>HANDLE</hLang>
            </row>
            <row>
              <szLabelID>COMPARE</szLabelID>
              <szLongName>Compare Date/Time</szLongName>
              <szShortName>Comp DTTM</szShortName>
              <bIsDefault>0</bIsDefault>
              <szLastUpdDttm>2016-07-17-08.49.57.037547</szLastUpdDttm>
              <szLastUpdOprId>PPLSOFT</szLastUpdOprId>
              <nLangCount>0</nLangCount>
              <hLang>HANDLE</hLang>
            </row>
            <row>
              <szLabelID>DTTM</szLabelID>
              <szLongName>Date/Time</szLongName>
              <szShortName>Date/Time</szShortName>
              <bIsDefault>0</bIsDefault>
              <szLastUpdDttm>2016-07-17-08.49.57.037547</szLastUpdDttm>
              <szLastUpdOprId>PPLSOFT</szLastUpdOprId>
              <nLangCount>0</nLangCount>
              <hLang>HANDLE</hLang>
            </row>
            <row>
              <szLabelID>RUNAFTER</szLabelID>
              <szLongName>Run Anytime After</szLongName>
              <szShortName>Run Date/Time</szShortName>
              <bIsDefault>0</bIsDefault>
              <szLastUpdDttm>2016-07-17-08.49.57.037547</szLastUpdDttm>
              <szLastUpdOprId>PPLSOFT</szLastUpdOprId>
              <nLangCount>0</nLangCount>
              <hLang>HANDLE</hLang>
            </row>
          </rowset>
        </hDBFldLabel>
        <szDefRecName></szDefRecName>
        <szDefFieldName></szDefFieldName>
        <szCurCtlFieldName></szCurCtlFieldName>
        <fUseEdit>0</fUseEdit>
        <fUseEdit2>0</fUseEdit2>
        <szEditTable></szEditTable>
        <nDefGUICtl>0</nDefGUICtl>
        <szSetCntrlFld></szSetCntrlFld>
        <szLabelID>RUNDTTM</szLabelID>
        <nTimeZoneUse>0</nTimeZoneUse>
        <szTimeZoneFieldName></szTimeZoneFieldName>
        <nCurrencyCtlUse>0</nCurrencyCtlUse>
        <szLongName>Run Date/Time</szLongName>
        <szShortName>Run Date/Time</szShortName>
        <fStatus>0</fStatus>
        <nLangCount>0</nLangCount>
        <hLang>HANDLE</hLang>
        <nContextLabelCount>0</nContextLabelCount>
        <hDBFldContextLabel>HANDLE</hDBFldContextLabel>
      </row>
    </rowset>
  </instance>
  <instance class="FIELD">
    <rowset name="Field" size="936" count="1">
      <row>
        <szLastUpdDttm>2006-09-11-17.33.54.000000</szLastUpdDttm>
        <szLastUpdOprId>VP1</szLastUpdOprId>
        <szObjectOwnerID></szObjectOwnerID>
        <nUseCount>1</nUseCount>
        <bUseUpdate>1</bUseUpdate>
        <lVersion>1</lVersion>
        <lSwapVersion>0</lSwapVersion>
        <nSwapNum>0</nSwapNum>
        <szFieldName>FILENAME_SG</szFieldName>
        <szLanguageCd>ENG</szLanguageCd>
        <eFieldType>0</eFieldType>
        <nLength>100</nLength>
        <nDecimalPos>0</nDecimalPos>
        <eFormat>6</eFormat>
        <nFormatLength>0</nFormatLength>
        <eImgFmt>0</eImgFmt>
        <szFormatFamily></szFormatFamily>
        <szDispFmtName></szDispFmtName>
        <nDefCntryYr>50</nDefCntryYr>
        <nIMEMode>0</nIMEMode>
        <nKeyboardLayout>0</nKeyboardLayout>
        <nNotUsed>0</nNotUsed>
        <fAuxFlagMask>0</fAuxFlagMask>
        <nDescrLongLen>0</nDescrLongLen>
        <hDescrLong>HANDLE</hDescrLong>
        <nLabelCount>4</nLabelCount>
        <hDBFldLabel> HANDLE
          <rowset name="DBFldLabel" size="1056" count="4">
            <row>
              <szLabelID>INPUTFILENAME</szLabelID>
              <szLongName>Input File Name</szLongName>
              <szShortName>Input File Name</szShortName>
              <bIsDefault>0</bIsDefault>
              <szLastUpdDttm>2006-09-11-17.33.54.000000</szLastUpdDttm>
              <szLastUpdOprId>VP1</szLastUpdOprId>
              <nLangCount>0</nLangCount>
              <hLang>HANDLE</hLang>
            </row>
            <row>
              <szLabelID>DOWNLOAD/UPLOADDAT</szLabelID>
              <szLongName>Download/Upload Data File</szLongName>
              <szShortName>Download/Upload</szShortName>
              <bIsDefault>0</bIsDefault>
              <szLastUpdDttm>2006-09-11-17.33.54.000000</szLastUpdDttm>
              <szLastUpdOprId>VP1</szLastUpdOprId>
              <nLangCount>0</nLangCount>
              <hLang>HANDLE</hLang>
            </row>
            <row>
              <szLabelID>FILENAME</szLabelID>
              <szLongName>File Name</szLongName>
              <szShortName>File Name</szShortName>
              <bIsDefault>1</bIsDefault>
              <szLastUpdDttm>2006-09-11-17.33.54.000000</szLastUpdDttm>
              <szLastUpdOprId>VP1</szLastUpdOprId>
              <nLangCount>0</nLangCount>
              <hLang>HANDLE</hLang>
            </row>
            <row>
              <szLabelID>OUTPUTFILENAME</szLabelID>
              <szLongName>Output File Name</szLongName>
              <szShortName>Output File Nam</szShortName>
              <bIsDefault>0</bIsDefault>
              <szLastUpdDttm>2006-09-11-17.33.54.000000</szLastUpdDttm>
              <szLastUpdOprId>VP1</szLastUpdOprId>
              <nLangCount>0</nLangCount>
              <hLang>HANDLE</hLang>
            </row>
          </rowset>
        </hDBFldLabel>
        <szDefRecName></szDefRecName>
        <szDefFieldName></szDefFieldName>
        <szCurCtlFieldName></szCurCtlFieldName>
        <fUseEdit>0</fUseEdit>
        <fUseEdit2>0</fUseEdit2>
        <szEditTable></szEditTable>
        <nDefGUICtl>0</nDefGUICtl>
        <szSetCntrlFld></szSetCntrlFld>
        <szLabelID>FILENAME</szLabelID>
        <nTimeZoneUse>0</nTimeZoneUse>
        <szTimeZoneFieldName></szTimeZoneFieldName>
        <nCurrencyCtlUse>0</nCurrencyCtlUse>
        <szLongName>File Name</szLongName>
        <szShortName>File Name</szShortName>
        <fStatus>0</fStatus>
        <nLangCount>0</nLangCount>
        <hLang>HANDLE</hLang>
        <nContextLabelCount>0</nContextLabelCount>
        <hDBFldContextLabel>HANDLE</hDBFldContextLabel>
      </row>
    </rowset>
  </instance>
  <instance class="FIELD">
    <rowset name="Field" size="936" count="1">
      <row>
        <szLastUpdDttm>2016-07-17-08.37.01.037091</szLastUpdDttm>
        <szLastUpdOprId>PPLSOFT</szLastUpdOprId>
        <szObjectOwnerID>PPT</szObjectOwnerID>
        <nUseCount>1</nUseCount>
        <bUseUpdate>1</bUseUpdate>
        <lVersion>1</lVersion>
        <lSwapVersion>0</lSwapVersion>
        <nSwapNum>0</nSwapNum>
        <szFieldName>DESCR100</szFieldName>
        <szLanguageCd>ENG</szLanguageCd>
        <eFieldType>0</eFieldType>
        <nLength>100</nLength>
        <nDecimalPos>0</nDecimalPos>
        <eFormat>6</eFormat>
        <nFormatLength>0</nFormatLength>
        <eImgFmt>0</eImgFmt>
        <szFormatFamily></szFormatFamily>
        <szDispFmtName></szDispFmtName>
        <nDefCntryYr>50</nDefCntryYr>
        <nIMEMode>0</nIMEMode>
        <nKeyboardLayout>0</nKeyboardLayout>
        <nNotUsed>0</nNotUsed>
        <fAuxFlagMask>0</fAuxFlagMask>
        <nDescrLongLen>44</nDescrLongLen>
        <hDescrLong> HANDLE
          <rowset name="char" size="44" count="1">
            <row>
              <hDescrLong>Length 100 Description</hDescrLong>
            </row>
          </rowset>
        </hDescrLong>
        <nLabelCount>39</nLabelCount>
        <hDBFldLabel> HANDLE
          <rowset name="DBFldLabel" size="10296" count="39">
            <row>
              <szLabelID>AWARD_DESCRIPTION</szLabelID>
              <szLongName>Award Description</szLongName>
              <szShortName>Descr</szShortName>
              <bIsDefault>0</bIsDefault>
              <szLastUpdDttm>2016-07-17-08.37.01.037091</szLastUpdDttm>
              <szLastUpdOprId>PPLSOFT</szLastUpdOprId>
              <nLangCount>0</nLangCount>
              <hLang>HANDLE</hLang>
            </row>
            <row>
              <szLabelID>REPORT NAME</szLabelID>
              <szLongName>Report Name</szLongName>
              <szShortName>Report Name</szShortName>
              <bIsDefault>0</bIsDefault>
              <szLastUpdDttm>2016-07-17-08.37.01.037091</szLastUpdDttm>
              <szLastUpdOprId>PPLSOFT</szLastUpdOprId>
              <nLangCount>0</nLangCount>
              <hLang>HANDLE</hLang>
            </row>
            <row>
              <szLabelID>DESCR_MESSAGE</szLabelID>
              <szLongName>No Messages</szLongName>
              <szShortName>Messages</szShortName>
              <bIsDefault>0</bIsDefault>
              <szLastUpdDttm>2016-07-17-08.37.01.037091</szLastUpdDttm>
              <szLastUpdOprId>PPLSOFT</szLastUpdOprId>
              <nLangCount>0</nLangCount>
              <hLang>HANDLE</hLang>
            </row>
            <row>
              <szLabelID>LISTPRICE</szLabelID>
              <szLongName>List Price</szLongName>
              <szShortName>List Price</szShortName>
              <bIsDefault>0</bIsDefault>
              <szLastUpdDttm>2016-07-17-08.37.01.037091</szLastUpdDttm>
              <szLastUpdOprId>PPLSOFT</szLastUpdOprId>
              <nLangCount>0</nLangCount>
              <hLang>HANDLE</hLang>
            </row>
            <row>
              <szLabelID>PRODUCT</szLabelID>
              <szLongName>Product Name</szLongName>
              <szShortName>Product</szShortName>
              <bIsDefault>0</bIsDefault>
              <szLastUpdDttm>2016-07-17-08.37.01.037091</szLastUpdDttm>
              <szLastUpdOprId>PPLSOFT</szLastUpdOprId>
              <nLangCount>0</nLangCount>
              <hLang>HANDLE</hLang>
            </row>
            <row>
              <szLabelID>COMMENTS</szLabelID>
              <szLongName>Comments</szLongName>
              <szShortName>Comments</szShortName>
              <bIsDefault>0</bIsDefault>
              <szLastUpdDttm>2016-07-17-08.37.01.037091</szLastUpdDttm>
              <szLastUpdOprId>PPLSOFT</szLastUpdOprId>
              <nLangCount>0</nLangCount>
              <hLang>HANDLE</hLang>
            </row>
            <row>
              <szLabelID>IF_NO</szLabelID>
              <szLongName>If &quot;No&quot;</szLongName>
              <szShortName>If &quot;No&quot;</szShortName>
              <bIsDefault>0</bIsDefault>
              <szLastUpdDttm>2016-07-17-08.37.01.037091</szLastUpdDttm>
              <szLastUpdOprId>PPLSOFT</szLastUpdOprId>
              <nLangCount>0</nLangCount>
              <hLang>HANDLE</hLang>
            </row>
            <row>
              <szLabelID>ACCT.PLANID</szLabelID>
              <szLongName>Acct. Plan ID</szLongName>
              <szShortName>Acct. Plan ID</szShortName>
              <bIsDefault>0</bIsDefault>
              <szLastUpdDttm>2016-07-17-08.37.01.037091</szLastUpdDttm>
              <szLastUpdOprId>PPLSOFT</szLastUpdOprId>
              <nLangCount>0</nLangCount>
              <hLang>HANDLE</hLang>
            </row>
            <row>
              <szLabelID>DESCR</szLabelID>
              <szLongName>Descr</szLongName>
              <szShortName>Descr</szShortName>
              <bIsDefault>0</bIsDefault>
              <szLastUpdDttm>2016-07-17-08.37.01.037091</szLastUpdDttm>
              <szLastUpdOprId>PPLSOFT</szLastUpdOprId>
              <nLangCount>0</nLangCount>
              <hLang>HANDLE</hLang>
            </row>
            <row>
              <szLabelID>AUTHORIAQUCIKVIEW</szLabelID>
              <szLongName>Authoria Qucik View</szLongName>
              <szShortName>Authoria Qucik</szShortName>
              <bIsDefault>0</bIsDefault>
              <szLastUpdDttm>2016-07-17-08.37.01.037091</szLastUpdDttm>
              <szLastUpdOprId>PPLSOFT</szLastUpdOprId>
              <nLangCount>0</nLangCount>
              <hLang>HANDLE</hLang>
            </row>
            <row>
              <szLabelID>PROJECT</szLabelID>
              <szLongName>Project</szLongName>
              <szShortName>Project</szShortName>
              <bIsDefault>0</bIsDefault>
              <szLastUpdDttm>2016-07-17-08.37.01.037091</szLastUpdDttm>
              <szLastUpdOprId>PPLSOFT</szLastUpdOprId>
              <nLangCount>0</nLangCount>
              <hLang>HANDLE</hLang>
            </row>
            <row>
              <szLabelID>CONTRACT</szLabelID>
              <szLongName>Contract</szLongName>
              <szShortName>Contract</szShortName>
              <bIsDefault>0</bIsDefault>
              <szLastUpdDttm>2016-07-17-08.37.01.037091</szLastUpdDttm>
              <szLastUpdOprId>PPLSOFT</szLastUpdOprId>
              <nLangCount>0</nLangCount>
              <hLang>HANDLE</hLang>
            </row>
            <row>
              <szLabelID>TS2-DESCR100</szLabelID>
              <szLongName>Description</szLongName>
              <szShortName>Descr</szShortName>
              <bIsDefault>0</bIsDefault>
              <szLastUpdDttm>2016-07-17-08.37.01.037091</szLastUpdDttm>
              <szLastUpdOprId>PPLSOFT</szLastUpdOprId>
              <nLangCount>0</nLangCount>
              <hLang>HANDLE</hLang>
            </row>
            <row>
              <szLabelID>REGIO</szLabelID>
              <szLongName>Current Region</szLongName>
              <szShortName>Region</szShortName>
              <bIsDefault>0</bIsDefault>
              <szLastUpdDttm>2016-07-17-08.37.01.037091</szLastUpdDttm>
              <szLastUpdOprId>PPLSOFT</szLastUpdOprId>
              <nLangCount>0</nLangCount>
              <hLang>HANDLE</hLang>
            </row>
            <row>
              <szLabelID>NOTES</szLabelID>
              <szLongName>Notes</szLongName>
              <szShortName>Note</szShortName>
              <bIsDefault>0</bIsDefault>
              <szLastUpdDttm>2016-07-17-08.37.01.037091</szLastUpdDttm>
              <szLastUpdOprId>PPLSOFT</szLastUpdOprId>
              <nLangCount>0</nLangCount>
              <hLang>HANDLE</hLang>
            </row>
            <row>
              <szLabelID>DP_LEVEL1</szLabelID>
              <szLongName>Level 1</szLongName>
              <szShortName>Level 1</szShortName>
              <bIsDefault>0</bIsDefault>
              <szLastUpdDttm>2016-07-17-08.37.01.037091</szLastUpdDttm>
              <szLastUpdOprId>PPLSOFT</szLastUpdOprId>
              <nLangCount>0</nLangCount>
              <hLang>HANDLE</hLang>
            </row>
            <row>
              <szLabelID>CLOSING_COMMENTS</szLabelID>
              <szLongName>Closing Comments Text</szLongName>
              <szShortName>Closing Comment</szShortName>
              <bIsDefault>0</bIsDefault>
              <szLastUpdDttm>2016-07-17-08.37.01.037091</szLastUpdDttm>
              <szLastUpdOprId>PPLSOFT</szLastUpdOprId>
              <nLangCount>0</nLangCount>
              <hLang>HANDLE</hLang>
            </row>
            <row>
              <szLabelID>HIERARCHYPATH</szLabelID>
              <szLongName>Hierarchy Path</szLongName>
              <szShortName>Hierarchy Path</szShortName>
              <bIsDefault>0</bIsDefault>
              <szLastUpdDttm>2016-07-17-08.37.01.037091</szLastUpdDttm>
              <szLastUpdOprId>PPLSOFT</szLastUpdOprId>
              <nLangCount>0</nLangCount>
              <hLang>HANDLE</hLang>
            </row>
            <row>
              <szLabelID>EXAMPLE</szLabelID>
              <szLongName>Example</szLongName>
              <szShortName>Example</szShortName>
              <bIsDefault>0</bIsDefault>
              <szLastUpdDttm>2016-07-17-08.37.01.037091</szLastUpdDttm>
              <szLastUpdOprId>PPLSOFT</szLastUpdOprId>
              <nLangCount>0</nLangCount>
              <hLang>HANDLE</hLang>
            </row>
            <row>
              <szLabelID>DESCR100</szLabelID>
              <szLongName>Description</szLongName>
              <szShortName>Descriptio</szShortName>
              <bIsDefault>1</bIsDefault>
              <szLastUpdDttm>2016-07-17-08.37.01.037091</szLastUpdDttm>
              <szLastUpdOprId>PPLSOFT</szLastUpdOprId>
              <nLangCount>0</nLangCount>
              <hLang>HANDLE</hLang>
            </row>
            <row>
              <szLabelID>BILLPLANID</szLabelID>
              <szLongName>Bill Plan ID</szLongName>
              <szShortName>Bill Plan ID</szShortName>
              <bIsDefault>0</bIsDefault>
              <szLastUpdDttm>2016-07-17-08.37.01.037091</szLastUpdDttm>
              <szLastUpdOprId>PPLSOFT</szLastUpdOprId>
              <nLangCount>0</nLangCount>
              <hLang>HANDLE</hLang>
            </row>
            <row>
              <szLabelID>CPQSELECTEDFLD</szLabelID>
              <szLongName>Selected Field</szLongName>
              <szShortName>Field</szShortName>
              <bIsDefault>0</bIsDefault>
              <szLastUpdDttm>2016-07-17-08.37.01.037091</szLastUpdDttm>
              <szLastUpdOprId>PPLSOFT</szLastUpdOprId>
              <nLangCount>0</nLangCount>
              <hLang>HANDLE</hLang>
            </row>
            <row>
              <szLabelID>TITLE</szLabelID>
              <szLongName>Title</szLongName>
              <szShortName>Title</szShortName>
              <bIsDefault>0</bIsDefault>
              <szLastUpdDttm>2016-07-17-08.37.01.037091</szLastUpdDttm>
              <szLastUpdOprId>PPLSOFT</szLastUpdOprId>
              <nLangCount>0</nLangCount>
              <hLang>HANDLE</hLang>
            </row>
            <row>
              <szLabelID>MESSAGE</szLabelID>
              <szLongName>Message</szLongName>
              <szShortName>Message</szShortName>
              <bIsDefault>0</bIsDefault>
              <szLastUpdDttm>2016-07-17-08.37.01.037091</szLastUpdDttm>
              <szLastUpdOprId>PPLSOFT</szLastUpdOprId>
              <nLangCount>0</nLangCount>
              <hLang>HANDLE</hLang>
            </row>
            <row>
              <szLabelID>COMMENT100</szLabelID>
              <szLongName>Comment</szLongName>
              <szShortName>Comment</szShortName>
              <bIsDefault>0</bIsDefault>
              <szLastUpdDttm>2016-07-17-08.37.01.037091</szLastUpdDttm>
              <szLastUpdOprId>PPLSOFT</szLastUpdOprId>
              <nLangCount>0</nLangCount>
              <hLang>HANDLE</hLang>
            </row>
            <row>
              <szLabelID>LOCATIONSOFSQLEXEC</szLabelID>
              <szLongName>Locations of SQL Exec Errors</szLongName>
              <szShortName>Locations of SQ</szShortName>
              <bIsDefault>0</bIsDefault>
              <szLastUpdDttm>2016-07-17-08.37.01.037091</szLastUpdDttm>
              <szLastUpdOprId>PPLSOFT</szLastUpdOprId>
              <nLangCount>0</nLangCount>
              <hLang>HANDLE</hLang>
            </row>
            <row>
              <szLabelID>WORKITEM</szLabelID>
              <szLongName>Work Item</szLongName>
              <szShortName>Work Item</szShortName>
              <bIsDefault>0</bIsDefault>
              <szLastUpdDttm>2016-07-17-08.37.01.037091</szLastUpdDttm>
              <szLastUpdOprId>PPLSOFT</szLastUpdOprId>
              <nLangCount>0</nLangCount>
              <hLang>HANDLE</hLang>
            </row>
            <row>
              <szLabelID>NONAPPREXPENSE</szLabelID>
              <szLongName>Non-Approved Expenses</szLongName>
              <szShortName>Non-Approved</szShortName>
              <bIsDefault>0</bIsDefault>
              <szLastUpdDttm>2016-07-17-08.37.01.037091</szLastUpdDttm>
              <szLastUpdOprId>PPLSOFT</szLastUpdOprId>
              <nLangCount>0</nLangCount>
              <hLang>HANDLE</hLang>
            </row>
            <row>
              <szLabelID>TS1-DESCR100</szLabelID>
              <szLongName>Description</szLongName>
              <szShortName>Descr</szShortName>
              <bIsDefault>0</bIsDefault>
              <szLastUpdDttm>2016-07-17-08.37.01.037091</szLastUpdDttm>
              <szLastUpdOprId>PPLSOFT</szLastUpdOprId>
              <nLangCount>0</nLangCount>
              <hLang>HANDLE</hLang>
            </row>
            <row>
              <szLabelID>CMPGN_WAVE</szLabelID>
              <szLongName>Campaign Wave</szLongName>
              <szShortName>Campaign Wave</szShortName>
              <bIsDefault>0</bIsDefault>
              <szLastUpdDttm>2016-07-17-08.37.01.037091</szLastUpdDttm>
              <szLastUpdOprId>PPLSOFT</szLastUpdOprId>
              <nLangCount>0</nLangCount>
              <hLang>HANDLE</hLang>
            </row>
            <row>
              <szLabelID>RECORDFIELD</szLabelID>
              <szLongName>Record.Fieldname</szLongName>
              <szShortName>Record.Field</szShortName>
              <bIsDefault>0</bIsDefault>
              <szLastUpdDttm>2016-07-17-08.37.01.037091</szLastUpdDttm>
              <szLastUpdOprId>PPLSOFT</szLastUpdOprId>
              <nLangCount>0</nLangCount>
              <hLang>HANDLE</hLang>
            </row>
            <row>
              <szLabelID>CONTRACTLINE</szLabelID>
              <szLongName>Contract Line</szLongName>
              <szShortName>Contract Line</szShortName>
              <bIsDefault>0</bIsDefault>
              <szLastUpdDttm>2016-07-17-08.37.01.037091</szLastUpdDttm>
              <szLastUpdOprId>PPLSOFT</szLastUpdOprId>
              <nLangCount>0</nLangCount>
              <hLang>HANDLE</hLang>
            </row>
            <row>
              <szLabelID>APPROVERCOMMENT</szLabelID>
              <szLongName>Approver Comment</szLongName>
              <szShortName>Comment</szShortName>
              <bIsDefault>0</bIsDefault>
              <szLastUpdDttm>2016-07-17-08.37.01.037091</szLastUpdDttm>
              <szLastUpdOprId>PPLSOFT</szLastUpdOprId>
              <nLangCount>0</nLangCount>
              <hLang>HANDLE</hLang>
            </row>
            <row>
              <szLabelID>DISPLAYNAME</szLabelID>
              <szLongName>Display Name</szLongName>
              <szShortName>Display</szShortName>
              <bIsDefault>0</bIsDefault>
              <szLastUpdDttm>2016-07-17-08.37.01.037091</szLastUpdDttm>
              <szLastUpdOprId>PPLSOFT</szLastUpdOprId>
              <nLangCount>0</nLangCount>
              <hLang>HANDLE</hLang>
            </row>
            <row>
              <szLabelID>CS_CONT_FILE</szLabelID>
              <szLongName>File Name</szLongName>
              <szShortName>File</szShortName>
              <bIsDefault>0</bIsDefault>
              <szLastUpdDttm>2016-07-17-08.37.01.037091</szLastUpdDttm>
              <szLastUpdOprId>PPLSOFT</szLastUpdOprId>
              <nLangCount>0</nLangCount>
              <hLang>HANDLE</hLang>
            </row>
            <row>
              <szLabelID>SET_VALUE</szLabelID>
              <szLongName>Value</szLongName>
              <szShortName>Value</szShortName>
              <bIsDefault>0</bIsDefault>
              <szLastUpdDttm>2016-07-17-08.37.01.037091</szLastUpdDttm>
              <szLastUpdOprId>PPLSOFT</szLastUpdOprId>
              <nLangCount>0</nLangCount>
              <hLang>HANDLE</hLang>
            </row>
            <row>
              <szLabelID>REMARK</szLabelID>
              <szLongName>Remark</szLongName>
              <szShortName>Remark</szShortName>
              <bIsDefault>0</bIsDefault>
              <szLastUpdDttm>2016-07-17-08.37.01.037091</szLastUpdDttm>
              <szLastUpdOprId>PPLSOFT</szLastUpdOprId>
              <nLangCount>0</nLangCount>
              <hLang>HANDLE</hLang>
            </row>
            <row>
              <szLabelID>FTPEXAMPLE</szLabelID>
              <szLongName>FTP Example</szLongName>
              <szShortName>FTP Example</szShortName>
              <bIsDefault>0</bIsDefault>
              <szLastUpdDttm>2016-07-17-08.37.01.037091</szLastUpdDttm>
              <szLastUpdOprId>PPLSOFT</szLastUpdOprId>
              <nLangCount>0</nLangCount>
              <hLang>HANDLE</hLang>
            </row>
            <row>
              <szLabelID>ADDRESSDISPLAY</szLabelID>
              <szLongName>Address</szLongName>
              <szShortName>Address</szShortName>
              <bIsDefault>0</bIsDefault>
              <szLastUpdDttm>2016-07-17-08.37.01.037091</szLastUpdDttm>
              <szLastUpdOprId>PPLSOFT</szLastUpdOprId>
              <nLangCount>0</nLangCount>
              <hLang>HANDLE</hLang>
            </row>
          </rowset>
        </hDBFldLabel>
        <szDefRecName></szDefRecName>
        <szDefFieldName></szDefFieldName>
        <szCurCtlFieldName></szCurCtlFieldName>
        <fUseEdit>0</fUseEdit>
        <fUseEdit2>0</fUseEdit2>
        <szEditTable></szEditTable>
        <nDefGUICtl>0</nDefGUICtl>
        <szSetCntrlFld></szSetCntrlFld>
        <szLabelID>DESCR100</szLabelID>
        <nTimeZoneUse>0</nTimeZoneUse>
        <szTimeZoneFieldName></szTimeZoneFieldName>
        <nCurrencyCtlUse>0</nCurrencyCtlUse>
        <szLongName>Description</szLongName>
        <szShortName>Descriptio</szShortName>
        <fStatus>0</fStatus>
        <nLangCount>0</nLangCount>
        <hLang>HANDLE</hLang>
        <nContextLabelCount>0</nContextLabelCount>
        <hDBFldContextLabel>HANDLE</hDBFldContextLabel>
      </row>
    </rowset>
  </instance>
  <instance class="FIELD">
    <rowset name="Field" size="936" count="1">
      <row>
        <szLastUpdDttm>2000-10-20-10.02.38.000000</szLastUpdDttm>
        <szLastUpdOprId>PPLSOFT</szLastUpdOprId>
        <szObjectOwnerID>PPT</szObjectOwnerID>
        <nUseCount>1</nUseCount>
        <bUseUpdate>1</bUseUpdate>
        <lVersion>1</lVersion>
        <lSwapVersion>0</lSwapVersion>
        <nSwapNum>0</nSwapNum>
        <szFieldName>VERSION_CHAR</szFieldName>
        <szLanguageCd>ENG</szLanguageCd>
        <eFieldType>0</eFieldType>
        <nLength>10</nLength>
        <nDecimalPos>0</nDecimalPos>
        <eFormat>6</eFormat>
        <nFormatLength>0</nFormatLength>
        <eImgFmt>0</eImgFmt>
        <szFormatFamily></szFormatFamily>
        <szDispFmtName></szDispFmtName>
        <nDefCntryYr>50</nDefCntryYr>
        <nIMEMode>0</nIMEMode>
        <nKeyboardLayout>0</nKeyboardLayout>
        <nNotUsed>0</nNotUsed>
        <fAuxFlagMask>0</fAuxFlagMask>
        <nDescrLongLen>0</nDescrLongLen>
        <hDescrLong>HANDLE</hDescrLong>
        <nLabelCount>1</nLabelCount>
        <hDBFldLabel> HANDLE
          <rowset name="DBFldLabel" size="264" count="1">
            <row>
              <szLabelID>VERSION</szLabelID>
              <szLongName>Version</szLongName>
              <szShortName>Version</szShortName>
              <bIsDefault>1</bIsDefault>
              <szLastUpdDttm>2000-10-20-10.02.38.000000</szLastUpdDttm>
              <szLastUpdOprId>PPLSOFT</szLastUpdOprId>
              <nLangCount>0</nLangCount>
              <hLang>HANDLE</hLang>
            </row>
          </rowset>
        </hDBFldLabel>
        <szDefRecName></szDefRecName>
        <szDefFieldName></szDefFieldName>
        <szCurCtlFieldName></szCurCtlFieldName>
        <fUseEdit>0</fUseEdit>
        <fUseEdit2>0</fUseEdit2>
        <szEditTable></szEditTable>
        <nDefGUICtl>0</nDefGUICtl>
        <szSetCntrlFld></szSetCntrlFld>
        <szLabelID>VERSION</szLabelID>
        <nTimeZoneUse>0</nTimeZoneUse>
        <szTimeZoneFieldName></szTimeZoneFieldName>
        <nCurrencyCtlUse>0</nCurrencyCtlUse>
        <szLongName>Version</szLongName>
        <szShortName>Version</szShortName>
        <fStatus>0</fStatus>
        <nLangCount>0</nLangCount>
        <hLang>HANDLE</hLang>
        <nContextLabelCount>0</nContextLabelCount>
        <hDBFldContextLabel>HANDLE</hDBFldContextLabel>
      </row>
    </rowset>
  </instance>
  <instance class="FIELD">
    <rowset name="Field" size="936" count="1">
      <row>
        <szLastUpdDttm>2015-05-26-14.35.37.588375</szLastUpdDttm>
        <szLastUpdOprId>mahmoud.hebbache</szLastUpdOprId>
        <szObjectOwnerID>0-SG</szObjectOwnerID>
        <nUseCount>1</nUseCount>
        <bUseUpdate>1</bUseUpdate>
        <lVersion>1</lVersion>
        <lSwapVersion>0</lSwapVersion>
        <nSwapNum>0</nSwapNum>
        <szFieldName>DMS_OPRID_SG</szFieldName>
        <szLanguageCd>ENG</szLanguageCd>
        <eFieldType>0</eFieldType>
        <nLength>30</nLength>
        <nDecimalPos>0</nDecimalPos>
        <eFormat>0</eFormat>
        <nFormatLength>0</nFormatLength>
        <eImgFmt>0</eImgFmt>
        <szFormatFamily></szFormatFamily>
        <szDispFmtName></szDispFmtName>
        <nDefCntryYr>50</nDefCntryYr>
        <nIMEMode>0</nIMEMode>
        <nKeyboardLayout>0</nKeyboardLayout>
        <nNotUsed>0</nNotUsed>
        <fAuxFlagMask>0</fAuxFlagMask>
        <nDescrLongLen>86</nDescrLongLen>
        <hDescrLong> HANDLE
          <rowset name="char" size="86" count="1">
            <row>
              <hDescrLong>Mahmoud HEBBACHE - le 13/02/2015 - Creation</hDescrLong>
            </row>
          </rowset>
        </hDescrLong>
        <nLabelCount>1</nLabelCount>
        <hDBFldLabel> HANDLE
          <rowset name="DBFldLabel" size="264" count="1">
            <row>
              <szLabelID>DMS_OPRID_SG</szLabelID>
              <szLongName>User Batch</szLongName>
              <szShortName>Batch user</szShortName>
              <bIsDefault>1</bIsDefault>
              <szLastUpdDttm>2015-05-26-14.35.37.588375</szLastUpdDttm>
              <szLastUpdOprId>mahmoud.hebbache</szLastUpdOprId>
              <nLangCount>0</nLangCount>
              <hLang>HANDLE</hLang>
            </row>
          </rowset>
        </hDBFldLabel>
        <szDefRecName></szDefRecName>
        <szDefFieldName></szDefFieldName>
        <szCurCtlFieldName></szCurCtlFieldName>
        <fUseEdit>0</fUseEdit>
        <fUseEdit2>0</fUseEdit2>
        <szEditTable></szEditTable>
        <nDefGUICtl>0</nDefGUICtl>
        <szSetCntrlFld></szSetCntrlFld>
        <szLabelID>DMS_OPRID_SG</szLabelID>
        <nTimeZoneUse>0</nTimeZoneUse>
        <szTimeZoneFieldName></szTimeZoneFieldName>
        <nCurrencyCtlUse>0</nCurrencyCtlUse>
        <szLongName>User Batch</szLongName>
        <szShortName>Batch user</szShortName>
        <fStatus>0</fStatus>
        <nLangCount>0</nLangCount>
        <hLang>HANDLE</hLang>
        <nContextLabelCount>0</nContextLabelCount>
        <hDBFldContextLabel>HANDLE</hDBFldContextLabel>
      </row>
    </rowset>
  </instance>
  <instance class="FIELD">
    <rowset name="Field" size="936" count="1">
      <row>
        <szLastUpdDttm>2004-11-09-18.01.05.000000</szLastUpdDttm>
        <szLastUpdOprId>PPLSOFT</szLastUpdOprId>
        <szObjectOwnerID></szObjectOwnerID>
        <nUseCount>1</nUseCount>
        <bUseUpdate>1</bUseUpdate>
        <lVersion>1</lVersion>
        <lSwapVersion>0</lSwapVersion>
        <nSwapNum>0</nSwapNum>
        <szFieldName>APPROVAL_OPRID</szFieldName>
        <szLanguageCd>ENG</szLanguageCd>
        <eFieldType>0</eFieldType>
        <nLength>30</nLength>
        <nDecimalPos>0</nDecimalPos>
        <eFormat>0</eFormat>
        <nFormatLength>0</nFormatLength>
        <eImgFmt>0</eImgFmt>
        <szFormatFamily></szFormatFamily>
        <szDispFmtName></szDispFmtName>
        <nDefCntryYr>50</nDefCntryYr>
        <nIMEMode>0</nIMEMode>
        <nKeyboardLayout>0</nKeyboardLayout>
        <nNotUsed>0</nNotUsed>
        <fAuxFlagMask>0</fAuxFlagMask>
        <nDescrLongLen>172</nDescrLongLen>
        <hDescrLong> HANDLE
          <rowset name="char" size="172" count="1">
            <row>
              <hDescrLong>A system generated value that reflects the operator that approved a given transaction.</hDescrLong>
            </row>
          </rowset>
        </hDescrLong>
        <nLabelCount>9</nLabelCount>
        <hDBFldLabel> HANDLE
          <rowset name="DBFldLabel" size="2376" count="9">
            <row>
              <szLabelID>APPROVERID</szLabelID>
              <szLongName>Approver ID</szLongName>
              <szShortName>Approver ID</szShortName>
              <bIsDefault>0</bIsDefault>
              <szLastUpdDttm>2004-11-09-18.01.05.000000</szLastUpdDttm>
              <szLastUpdOprId>PPLSOFT</szLastUpdOprId>
              <nLangCount>0</nLangCount>
              <hLang>HANDLE</hLang>
            </row>
            <row>
              <szLabelID>APPROVAL_OPRID</szLabelID>
              <szLongName>Approval User Id</szLongName>
              <szShortName>User Id</szShortName>
              <bIsDefault>1</bIsDefault>
              <szLastUpdDttm>2004-11-09-18.01.05.000000</szLastUpdDttm>
              <szLastUpdOprId>PPLSOFT</szLastUpdOprId>
              <nLangCount>0</nLangCount>
              <hLang>HANDLE</hLang>
            </row>
            <row>
              <szLabelID>APPROVER</szLabelID>
              <szLongName>Approver</szLongName>
              <szShortName>Approver</szShortName>
              <bIsDefault>0</bIsDefault>
              <szLastUpdDttm>2004-11-09-18.01.05.000000</szLastUpdDttm>
              <szLastUpdOprId>PPLSOFT</szLastUpdOprId>
              <nLangCount>0</nLangCount>
              <hLang>HANDLE</hLang>
            </row>
            <row>
              <szLabelID>LAST_STATUS</szLabelID>
              <szLongName>Last Status Change By</szLongName>
              <szShortName>Status Change</szShortName>
              <bIsDefault>0</bIsDefault>
              <szLastUpdDttm>2004-11-09-18.01.05.000000</szLastUpdDttm>
              <szLastUpdOprId>PPLSOFT</szLastUpdOprId>
              <nLangCount>0</nLangCount>
              <hLang>HANDLE</hLang>
            </row>
            <row>
              <szLabelID>TS2-APPROVAL_OPRID</szLabelID>
              <szLongName>Approval User Id</szLongName>
              <szShortName>User Id</szShortName>
              <bIsDefault>0</bIsDefault>
              <szLastUpdDttm>2004-11-09-18.01.05.000000</szLastUpdDttm>
              <szLastUpdOprId>PPLSOFT</szLastUpdOprId>
              <nLangCount>0</nLangCount>
              <hLang>HANDLE</hLang>
            </row>
            <row>
              <szLabelID>LASTAPPROVED</szLabelID>
              <szLongName>Last Approved By</szLongName>
              <szShortName>Last Approved</szShortName>
              <bIsDefault>0</bIsDefault>
              <szLastUpdDttm>2004-11-09-18.01.05.000000</szLastUpdDttm>
              <szLastUpdOprId>PPLSOFT</szLastUpdOprId>
              <nLangCount>0</nLangCount>
              <hLang>HANDLE</hLang>
            </row>
            <row>
              <szLabelID>BY</szLabelID>
              <szLongName>by</szLongName>
              <szShortName>by</szShortName>
              <bIsDefault>0</bIsDefault>
              <szLastUpdDttm>2004-11-09-18.01.05.000000</szLastUpdDttm>
              <szLastUpdOprId>PPLSOFT</szLastUpdOprId>
              <nLangCount>0</nLangCount>
              <hLang>HANDLE</hLang>
            </row>
            <row>
              <szLabelID>TS1-APPROVAL_OPRID</szLabelID>
              <szLongName>Approval User Id</szLongName>
              <szShortName>User Id</szShortName>
              <bIsDefault>0</bIsDefault>
              <szLastUpdDttm>2004-11-09-18.01.05.000000</szLastUpdDttm>
              <szLastUpdOprId>PPLSOFT</szLastUpdOprId>
              <nLangCount>0</nLangCount>
              <hLang>HANDLE</hLang>
            </row>
            <row>
              <szLabelID>APPROVED_BY</szLabelID>
              <szLongName>Approved By</szLongName>
              <szShortName>Approved By</szShortName>
              <bIsDefault>0</bIsDefault>
              <szLastUpdDttm>2004-11-09-18.01.05.000000</szLastUpdDttm>
              <szLastUpdOprId>PPLSOFT</szLastUpdOprId>
              <nLangCount>0</nLangCount>
              <hLang>HANDLE</hLang>
            </row>
          </rowset>
        </hDBFldLabel>
        <szDefRecName></szDefRecName>
        <szDefFieldName></szDefFieldName>
        <szCurCtlFieldName></szCurCtlFieldName>
        <fUseEdit>0</fUseEdit>
        <fUseEdit2>0</fUseEdit2>
        <szEditTable></szEditTable>
        <nDefGUICtl>0</nDefGUICtl>
        <szSetCntrlFld></szSetCntrlFld>
        <szLabelID>APPROVAL_OPRID</szLabelID>
        <nTimeZoneUse>0</nTimeZoneUse>
        <szTimeZoneFieldName></szTimeZoneFieldName>
        <nCurrencyCtlUse>0</nCurrencyCtlUse>
        <szLongName>Approval User Id</szLongName>
        <szShortName>User Id</szShortName>
        <fStatus>0</fStatus>
        <nLangCount>0</nLangCount>
        <hLang>HANDLE</hLang>
        <nContextLabelCount>0</nContextLabelCount>
        <hDBFldContextLabel>HANDLE</hDBFldContextLabel>
      </row>
    </rowset>
  </instance>
